-- phpMyAdmin SQL Dump
-- version 5.1.1
-- https://www.phpmyadmin.net/
--
-- Host: 127.0.0.1
-- Generation Time: Apr 22, 2022 at 03:26 PM
-- Server version: 10.4.22-MariaDB
-- PHP Version: 8.1.1

SET SQL_MODE = "NO_AUTO_VALUE_ON_ZERO";
START TRANSACTION;
SET time_zone = "+00:00";


/*!40101 SET @OLD_CHARACTER_SET_CLIENT=@@CHARACTER_SET_CLIENT */;
/*!40101 SET @OLD_CHARACTER_SET_RESULTS=@@CHARACTER_SET_RESULTS */;
/*!40101 SET @OLD_COLLATION_CONNECTION=@@COLLATION_CONNECTION */;
/*!40101 SET NAMES utf8mb4 */;

--
-- Database: `divinelifedb`
--

-- --------------------------------------------------------

--
-- Table structure for table `admin_acc`
--

CREATE TABLE `admin_acc` (
  `id` int(11) NOT NULL,
  `username` varchar(150) NOT NULL,
  `password` varchar(150) NOT NULL
) ENGINE=InnoDB DEFAULT CHARSET=utf8mb4;

--
-- Dumping data for table `admin_acc`
--

INSERT INTO `admin_acc` (`id`, `username`, `password`) VALUES
(1, 'admin', 'admin');

-- --------------------------------------------------------

--
-- Table structure for table `customers`
--

CREATE TABLE `customers` (
  `customer_id` int(11) NOT NULL,
  `family_name` varchar(255) NOT NULL,
  `first_name` varchar(255) NOT NULL,
  `middle_name` varchar(255) NOT NULL,
  `nickname` varchar(255) NOT NULL,
  `address` varchar(255) NOT NULL,
  `contact` varchar(255) NOT NULL,
  `email` varchar(255) NOT NULL,
  `bday` varchar(255) NOT NULL,
  `gender` varchar(255) NOT NULL,
  `religion` varchar(255) NOT NULL,
  `citizenship` varchar(255) NOT NULL,
  `status` varchar(255) NOT NULL,
  `work` varchar(255) NOT NULL,
  `Date` varchar(255) NOT NULL
) ENGINE=InnoDB DEFAULT CHARSET=utf8mb4;

--
-- Dumping data for table `customers`
--

INSERT INTO `customers` (`customer_id`, `family_name`, `first_name`, `middle_name`, `nickname`, `address`, `contact`, `email`, `bday`, `gender`, `religion`, `citizenship`, `status`, `work`, `Date`) VALUES
(1, 'Merk', 'James', 'Falco', 'asd', 'Block 14 Lot 76 Majada In', '09854216854', 'James@gmail.com', '1999-10-31', 'Male', 'Catholic', 'Filipino', 'Single', 'Self-Employed', ''),
(2, 'Dano', 'Jeff', 'Bite', 'paa', 'Block 14 Lot 76 Majada In', '09232323232', 'jeffdo19@gmail.com', '2022-04-14', 'Male', 'Catholic', 'Filipino', 'Married', 'Self-Employed', ''),
(3, 'Oladipo', 'Levi', 'Ackerman', '', 'wall maria', '09554642170', 'Levi@gmail.com', '2022-04-06', 'Male', 'Catholic', 'Merleyan', 'Single', 'Private Employee', ''),
(4, 'xcc', 'ccc', 'cxz', 'asd', 'eqwe', '09959391412', 'xcc@gmail.com', '2022-04-05', 'Male', 'Catholic', 'Filipino', 'Single', 'Private Employee', ''),
(5, 'rrr', 'rrr', 'rr', 'rr', 'jkkj', '09532121464', 'xxx@gmail.com', '2022-04-06', 'Male', 'Catholic', 'Filipino', 'Single', 'Private Employee', '2022-04-21');

-- --------------------------------------------------------

--
-- Table structure for table `deceased_persons`
--

CREATE TABLE `deceased_persons` (
  `deceased_id` int(11) NOT NULL,
  `lot_owner_id` int(11) NOT NULL,
  `customer_id` int(11) NOT NULL,
  `site_id` int(11) NOT NULL,
  `block_id` int(11) NOT NULL,
  `lot_id` int(11) NOT NULL,
  `dead_family_name` varchar(255) NOT NULL,
  `dead_fname` varchar(255) NOT NULL,
  `dead_mname` varchar(255) NOT NULL,
  `dead_gender` varchar(255) NOT NULL,
  `dead_citizenship` varchar(255) NOT NULL,
  `dead_civil_status` varchar(255) NOT NULL,
  `dead_relative` varchar(255) NOT NULL,
  `dead_relative_surname` varchar(255) NOT NULL,
  `dead_relationship` varchar(255) NOT NULL,
  `internment_date` varchar(255) NOT NULL,
  `date_of_birth` varchar(255) NOT NULL,
  `date_of_death` varchar(255) NOT NULL,
  `death_cert` varchar(255) NOT NULL,
  `burial_permit` varchar(255) NOT NULL
) ENGINE=InnoDB DEFAULT CHARSET=utf8mb4;

--
-- Dumping data for table `deceased_persons`
--

INSERT INTO `deceased_persons` (`deceased_id`, `lot_owner_id`, `customer_id`, `site_id`, `block_id`, `lot_id`, `dead_family_name`, `dead_fname`, `dead_mname`, `dead_gender`, `dead_citizenship`, `dead_civil_status`, `dead_relative`, `dead_relative_surname`, `dead_relationship`, `internment_date`, `date_of_birth`, `date_of_death`, `death_cert`, `burial_permit`) VALUES
(1, 2, 2, 1, 1, 2, 'Yeager', 'Eren', 'Tatakae', 'Male', 'Filipino', 'Single', 'Jeff', 'Dano', 'Father', '2022-04-20', '2022-04-21', '2022-04-21', 'Eren_Yeager_1649350636.jpg', 'Eren_Yeager_1649350636.jpg'),
(2, 1, 1, 1, 1, 3, 'Braun', 'Reiner', '', 'Male', 'Filipino', 'Single', 'Rico', 'Guinanao', 'Grandparent', '2022-04-12', '2022-04-19', '2022-04-11', 'Reiner_Braun_1649423530.png', 'Reiner_Braun_1649423530.png'),
(3, 3, 3, 1, 4, 42, 'Oladipo', 'Marco', 'blits', 'Male', 'Filipino', 'Single', 'Levi', 'Oladipo', 'Child', '2022-04-14', '2022-04-06', '2022-04-17', 'Marco_Oladipo_1649722440.png', 'Marco_Oladipo_1649722440.png'),
(4, 5, 2, 1, 3, 17, 'dano', 'jeff', 'gomba', 'Male', 'Filipino', 'Single', 'Jeff', 'Dano', 'Child', '2022-04-23', '2022-04-11', '2022-04-11', 'jeff_dano_1650593242.jpg', 'jeff_dano_1650593242.jpg');

-- --------------------------------------------------------

--
-- Table structure for table `lot_owners`
--

CREATE TABLE `lot_owners` (
  `lot_owner_id` int(11) NOT NULL,
  `customer_id` int(11) NOT NULL,
  `site_id` int(11) NOT NULL,
  `block_id` int(11) NOT NULL,
  `lot_id` int(11) NOT NULL,
  `deed_of_sale` varchar(255) NOT NULL
) ENGINE=InnoDB DEFAULT CHARSET=utf8mb4;

--
-- Dumping data for table `lot_owners`
--

INSERT INTO `lot_owners` (`lot_owner_id`, `customer_id`, `site_id`, `block_id`, `lot_id`, `deed_of_sale`) VALUES
(1, 1, 1, 1, 3, 'Rico Estribo Guinanao_1649350172.jpg'),
(2, 2, 1, 1, 2, 'Jeff Bite Dano_1649350574.jpg'),
(3, 3, 1, 4, 42, 'Levi Ackerman Oladipo_1649722384.png'),
(4, 1, 1, 1, 6, 'James Falco Merk_1649812918.png'),
(5, 2, 1, 3, 17, 'Jeff Bite Dano_1650593195.jpg');

-- --------------------------------------------------------

--
-- Table structure for table `news_events`
--

CREATE TABLE `news_events` (
  `news_id` int(11) NOT NULL,
  `news_title` varchar(50) NOT NULL,
  `news_subtitle` varchar(50) NOT NULL,
  `news_description` varchar(250) NOT NULL,
  `news_date` varchar(150) NOT NULL,
  `news_img` varchar(255) NOT NULL
) ENGINE=InnoDB DEFAULT CHARSET=utf8mb4;

--
-- Dumping data for table `news_events`
--

INSERT INTO `news_events` (`news_id`, `news_title`, `news_subtitle`, `news_description`, `news_date`, `news_img`) VALUES
(29, 'Memorial Day', 'World Peace', 'There is no greater sacrifice than those who gave their lives to protect us. We honor all veterans who died protecting our country -- and those they left behind. ', '2022-04-19', '1650244769.jpg'),
(30, 'In Times Like These, Learn What Matters Most.', 'Plan Ahead to Protect the Ones You Love', 'These times have shown us that life does not come with a guarantee. We hold on tight to those we hold dear and we\'ve learned to take nothing for granted.', '2022-04-25', '1650245217.jpg'),
(31, 'Why Visitation Matters', 'Divine Life Memorial Park', 'Post-death rituals were once culturally significant, and there\'s strong evidence to suggest that a visitation can be psychologically beneficial.', '2022-04-27', '1650245615.jpg');

-- --------------------------------------------------------

--
-- Table structure for table `tbl_blocks`
--

CREATE TABLE `tbl_blocks` (
  `block_id` int(11) NOT NULL,
  `site_id` int(11) NOT NULL,
  `block_name` varchar(255) NOT NULL,
  `sector` varchar(255) NOT NULL,
  `total_lots` varchar(255) NOT NULL
) ENGINE=InnoDB DEFAULT CHARSET=utf8mb4;

--
-- Dumping data for table `tbl_blocks`
--

INSERT INTO `tbl_blocks` (`block_id`, `site_id`, `block_name`, `sector`, `total_lots`) VALUES
(1, 1, '1', 'A', '6'),
(2, 1, '2', 'A', '6'),
(3, 1, '3', 'A', '14'),
(4, 1, '4', 'A', '16'),
(5, 1, '5', 'A', '0'),
(6, 1, '6', 'A', '0'),
(7, 1, '7', 'A', '0'),
(8, 1, '8', 'A', '0'),
(9, 1, '9', 'A', '0'),
(10, 1, '10', 'A', '0'),
(11, 1, '11', 'A', '0'),
(12, 1, '12', 'A', '0'),
(13, 1, '13', 'A', '0'),
(14, 1, '14', 'A', '0'),
(15, 1, '15', 'A', '0'),
(16, 1, '16', 'A', '0'),
(17, 1, '17', 'A', '0'),
(18, 1, '18', 'A', '0'),
(19, 1, '19', 'A', '0'),
(20, 1, '20', 'A', '16'),
(21, 1, '21', 'A', '0'),
(22, 1, '22', 'A', '0'),
(23, 1, '23', 'A', '18'),
(24, 1, '24', 'A', '0'),
(25, 1, '25', 'A', '0'),
(26, 1, '26', 'A', '0'),
(27, 1, '27', 'A', '0'),
(28, 1, '28', 'A', '0'),
(29, 1, '29', 'A', '0'),
(30, 1, '30', 'A', '0'),
(31, 1, '31', 'A', '0'),
(32, 1, '32', 'A', '0'),
(33, 1, '33', 'A', '0'),
(34, 1, '34', 'A', '0'),
(35, 1, '35', 'A', '0'),
(36, 1, '36', 'A', '0'),
(37, 1, '37', 'A', '0'),
(38, 1, '38', 'A', '0'),
(39, 1, '39', 'A', '0'),
(40, 1, '40', 'A', '0'),
(41, 1, '41', 'A', '0'),
(42, 1, '42', 'A', '0'),
(43, 1, '43', 'A', '0'),
(44, 1, '44', 'A', '0'),
(45, 1, '45', 'A', '0'),
(46, 1, '46', 'A', '0'),
(47, 1, '47', 'A', '0'),
(48, 1, '48', 'A', '0'),
(49, 1, '49', 'A', '0'),
(50, 1, '50', 'A', '0'),
(51, 1, '51', 'A', '0'),
(52, 1, '52', 'A', '0'),
(53, 1, '53', 'A', '0'),
(54, 1, '54', 'A', '0'),
(55, 1, '55', 'A', '0'),
(56, 1, '56', 'A', '0'),
(57, 1, '57', 'A', '0'),
(58, 1, '58', 'A', '0'),
(59, 1, '59', 'A', '0'),
(60, 1, '60', 'A', '0'),
(61, 1, '61', 'A', '0'),
(62, 1, '62', 'A', '0'),
(63, 1, '63', 'A', '0'),
(64, 1, '64', 'A', '0'),
(65, 1, '65', 'A', '0'),
(66, 1, '66', 'A', '0'),
(67, 1, '67', 'A', '0'),
(68, 1, '68', 'A', '0'),
(69, 1, '69', 'A', '0'),
(70, 1, '70', 'A', '0'),
(71, 1, '71', 'A', '0'),
(72, 1, '72', 'A', '0'),
(73, 1, '73', 'A', '0'),
(74, 1, '74', 'A', '0'),
(75, 1, '75', 'A', '0'),
(76, 1, '76', 'A', '0'),
(77, 1, '77', 'A', '0'),
(78, 1, '5', 'C', '0'),
(80, 1, '1', 'B', '1'),
(81, 1, '2', 'B', '16'),
(82, 1, '3', 'B', '16'),
(83, 1, '4', 'B', '10'),
(84, 1, '5', 'B', '12'),
(85, 1, '6', 'B', '16'),
(86, 1, '7', 'B', '16'),
(87, 1, '8', 'B', '16'),
(88, 1, '9', 'B', '7'),
(89, 1, '10', 'B', '20'),
(90, 1, '11', 'B', '0'),
(91, 1, '12', 'B', '4'),
(92, 1, '13', 'B', '0'),
(93, 1, '14', 'B', '0'),
(94, 1, '15', 'B', '0'),
(95, 1, '16', 'B', '0'),
(96, 1, '17', 'B', '0'),
(97, 1, '18', 'B', '0'),
(98, 1, '19', 'B', '0'),
(99, 1, '20', 'B', '0'),
(100, 1, '21', 'B', '0'),
(101, 1, '22', 'B', '0'),
(102, 1, '23', 'B', '0'),
(103, 1, '24', 'B', '0'),
(104, 1, '25', 'B', '0'),
(105, 1, '26', 'B', '0'),
(106, 1, '27', 'B', '0'),
(107, 1, '28', 'B', '0'),
(108, 1, '29', 'B', '0'),
(109, 1, '30', 'B', '0'),
(110, 1, '31', 'B', '0'),
(111, 1, '32', 'B', '0'),
(112, 1, '33', 'B', '0'),
(113, 1, '34', 'B', '0'),
(114, 1, '35', 'B', '0'),
(115, 1, '36', 'B', '0'),
(116, 1, '37', 'B', '0'),
(117, 1, '38', 'B', '0'),
(118, 1, '39', 'B', '0'),
(119, 1, '40', 'B', '0'),
(120, 1, '41', 'B', '0'),
(121, 1, '42', 'B', '0'),
(122, 1, '43', 'B', '0'),
(123, 1, '44', 'B', '0'),
(124, 1, '45', 'B', '16'),
(125, 1, '46', 'B', '16'),
(126, 1, '47', 'B', '16'),
(127, 1, '48', 'B', '0'),
(128, 1, '49', 'B', '0'),
(129, 1, '50', 'B', '0'),
(130, 1, '51', 'B', '0'),
(131, 1, '52', 'B', '0'),
(132, 1, '53', 'B', '0'),
(133, 1, '54', 'B', '0'),
(134, 1, '55', 'B', '0'),
(135, 1, '56', 'B', '17'),
(136, 1, '57', 'B', '0'),
(137, 1, '58', 'B', '0'),
(138, 1, '59', 'B', '0'),
(139, 1, '60', 'B', '0'),
(140, 1, '61', 'B', '0'),
(141, 1, '62', 'B', '0'),
(142, 1, '63', 'B', '0'),
(143, 1, '64', 'B', '0'),
(144, 1, '65', 'B', '0'),
(145, 1, '66', 'B', '0'),
(146, 1, '67', 'B', '0'),
(147, 1, '68', 'B', '0'),
(148, 1, '69', 'B', '0'),
(149, 1, '70', 'B', '0'),
(150, 1, '71', 'B', '0'),
(151, 1, '72', 'B', '0'),
(152, 1, '1', 'C', '0'),
(153, 1, '2', 'C', '0'),
(154, 1, '3', 'C', '0'),
(155, 1, '4', 'C', '0'),
(156, 1, '5', 'C', '0'),
(157, 1, '6', 'C', '0'),
(158, 1, '7', 'C', '0'),
(159, 1, '8', 'C', '0'),
(160, 1, '9', 'C', '0'),
(161, 1, '10', 'C', '0'),
(162, 1, '11', 'C', '0'),
(163, 1, '12', 'C', '0'),
(164, 1, '13', 'C', '0'),
(165, 1, '14', 'C', '0'),
(166, 1, '15', 'C', '0'),
(167, 1, '16', 'C', '0'),
(168, 1, '17', 'C', '0'),
(169, 1, '18', 'C', '0'),
(170, 1, '19', 'C', '0'),
(171, 1, '20', 'C', '0'),
(172, 1, '21', 'C', '0'),
(173, 1, '22', 'C', '0'),
(174, 1, '23', 'C', '0'),
(175, 1, '24', 'C', '0'),
(176, 1, '25', 'C', '0'),
(177, 1, '26', 'C', '0'),
(178, 1, '27', 'C', '0'),
(179, 1, '28', 'C', '0'),
(180, 1, '29', 'C', '0'),
(181, 1, '30', 'C', '0'),
(182, 1, '31', 'C', '0'),
(183, 1, '32', 'C', '0'),
(184, 1, '33', 'C', '0'),
(185, 1, '34', 'C', '0'),
(186, 1, '35', 'C', '0'),
(187, 1, '36', 'C', '0'),
(188, 1, '37', 'C', '0'),
(189, 1, '38', 'C', '0'),
(190, 1, '39', 'C', '0'),
(191, 1, '40', 'C', '0'),
(192, 1, '41', 'C', '0'),
(193, 1, '42', 'C', '0'),
(194, 1, '43', 'C', '0'),
(195, 1, '44', 'C', '0'),
(196, 1, '45', 'C', '0'),
(197, 1, '46', 'C', '0'),
(198, 1, '47', 'C', '0'),
(199, 1, '48', 'C', '0'),
(200, 1, '49', 'C', '0'),
(201, 1, '50', 'C', '0'),
(202, 1, '51', 'C', '0'),
(203, 1, '52', 'C', '0'),
(204, 1, '53', 'C', '0'),
(205, 1, '54', 'C', '0'),
(206, 1, '55', 'C', '0'),
(207, 1, '56', 'C', '0'),
(208, 1, '57', 'C', '0'),
(209, 1, '58', 'C', '0'),
(210, 1, '59', 'C', '0'),
(211, 1, '60', 'C', '0'),
(212, 1, '61', 'C', '0'),
(213, 1, '62', 'C', '0'),
(214, 1, '63', 'C', '0'),
(215, 1, '64', 'C', '0'),
(216, 1, '65', 'C', '0'),
(217, 1, '66', 'C', '0'),
(218, 1, '67', 'C', '0'),
(219, 1, '68', 'C', '0'),
(220, 1, '69', 'C', '0'),
(221, 1, '70', 'C', '0'),
(222, 1, '71', 'C', '0'),
(223, 1, '72', 'C', '0'),
(224, 1, '73', 'C', '0'),
(225, 1, '74', 'C', '0'),
(226, 1, '75', 'C', '0'),
(227, 1, '76', 'C', '0'),
(228, 1, '77', 'C', '0'),
(229, 1, '1', 'D', '0'),
(230, 1, '2', 'D', '0'),
(231, 1, '3', 'D', '0'),
(232, 1, '4', 'D', '0'),
(233, 1, '5', 'D', '0'),
(234, 1, '6', 'D', '0'),
(235, 1, '7', 'D', '0'),
(236, 1, '8', 'D', '0'),
(237, 1, '9', 'D', '0'),
(238, 1, '10', 'D', '0'),
(239, 1, '11', 'D', '0'),
(240, 1, '12', 'D', '0'),
(241, 1, '13', 'D', '0'),
(242, 1, '14', 'D', '0'),
(243, 1, '15', 'D', '0'),
(244, 1, '16', 'D', '0'),
(245, 1, '17', 'D', '0'),
(246, 1, '18', 'D', '0'),
(247, 1, '19', 'D', '0'),
(248, 1, '20', 'D', '0'),
(249, 1, '21', 'D', '0'),
(250, 1, '22', 'D', '0'),
(251, 1, '23', 'D', '0'),
(252, 1, '24', 'D', '0'),
(253, 1, '25', 'D', '0'),
(254, 1, '26', 'D', '0'),
(255, 1, '27', 'D', '0'),
(256, 1, '28', 'D', '0'),
(257, 1, '29', 'D', '0'),
(258, 1, '30', 'D', '0'),
(259, 1, '31', 'D', '0'),
(260, 1, '32', 'D', '0'),
(261, 1, '33', 'D', '0'),
(262, 1, '34', 'D', '0'),
(263, 1, '35', 'D', '0'),
(264, 1, '36', 'D', '0'),
(265, 1, '37', 'D', '0'),
(266, 1, '38', 'D', '0'),
(267, 1, '39', 'D', '0'),
(268, 1, '40', 'D', '0'),
(269, 1, '41', 'D', '0'),
(270, 1, '42', 'D', '0'),
(271, 1, '43', 'D', '0'),
(272, 1, '44', 'D', '0'),
(273, 1, '45', 'D', '0'),
(274, 1, '46', 'D', '0'),
(275, 1, '47', 'D', '0'),
(276, 1, '48', 'D', '0'),
(277, 1, '49', 'D', '0'),
(278, 1, '50', 'D', '0'),
(279, 1, '51', 'D', '0'),
(280, 1, '52', 'D', '0'),
(281, 1, '53', 'D', '0'),
(282, 1, '54', 'D', '0'),
(283, 1, '55', 'D', '0'),
(284, 1, '56', 'D', '0'),
(285, 1, '57', 'D', '0'),
(286, 1, '58', 'D', '0'),
(287, 1, '59', 'D', '0'),
(288, 1, '60', 'D', '0'),
(289, 1, '61', 'D', '0'),
(290, 1, '62', 'D', '0'),
(291, 1, '63', 'D', '0'),
(292, 1, '64', 'D', '0'),
(293, 1, '65', 'D', '0'),
(294, 1, '66', 'D', '0'),
(295, 1, '67', 'D', '0'),
(296, 1, '68', 'D', '0'),
(297, 1, '69', 'D', '0'),
(298, 1, '70', 'D', '0'),
(299, 1, '71', 'D', '0'),
(300, 1, '72', 'D', '0'),
(301, 1, '73', 'D', '0'),
(302, 1, '74', 'D', '0'),
(303, 1, '75', 'D', '0'),
(304, 1, '76', 'D', '0'),
(305, 1, '77', 'D', '0'),
(306, 1, '78', 'D', '0'),
(307, 1, '79', 'D', '0'),
(308, 1, '80', 'D', '0'),
(309, 1, '81', 'D', '0');

-- --------------------------------------------------------

--
-- Table structure for table `tbl_lots`
--

CREATE TABLE `tbl_lots` (
  `lot_id` int(11) NOT NULL,
  `block_id` int(11) NOT NULL,
  `site_id` int(11) NOT NULL,
  `lot_name` varchar(255) NOT NULL,
  `lawn_type` varchar(255) NOT NULL
) ENGINE=InnoDB DEFAULT CHARSET=utf8mb4;

--
-- Dumping data for table `tbl_lots`
--

INSERT INTO `tbl_lots` (`lot_id`, `block_id`, `site_id`, `lot_name`, `lawn_type`) VALUES
(1, 1, 1, '1', 'Standard'),
(2, 1, 1, '2', 'Standard'),
(3, 1, 1, '3', 'Standard'),
(4, 1, 1, '4', 'Standard'),
(5, 1, 1, '5', 'Standard'),
(6, 1, 1, '6', 'Standard'),
(7, 2, 1, '1', 'Deluxe'),
(8, 2, 1, '2', 'Deluxe'),
(9, 2, 1, '3', 'Deluxe'),
(10, 2, 1, '4', 'Deluxe'),
(11, 2, 1, '5', 'Deluxe'),
(12, 2, 1, '6', 'Deluxe'),
(13, 3, 1, '1', 'Deluxe'),
(14, 3, 1, '2', 'Deluxe'),
(15, 3, 1, '3', 'Deluxe'),
(16, 3, 1, '4', 'Deluxe'),
(17, 3, 1, '5', 'Deluxe'),
(18, 3, 1, '6', 'Deluxe'),
(19, 3, 1, '7', 'Deluxe'),
(20, 3, 1, '8', 'Deluxe'),
(21, 3, 1, '9', 'Deluxe'),
(22, 3, 1, '10', 'Deluxe'),
(23, 3, 1, '11', 'Deluxe'),
(24, 3, 1, '12', 'Deluxe'),
(25, 3, 1, '13', 'Deluxe'),
(26, 3, 1, '14', 'Deluxe'),
(27, 4, 1, '1', 'Deluxe'),
(28, 4, 1, '2', 'Deluxe'),
(29, 4, 1, '3', 'Deluxe'),
(30, 4, 1, '4', 'Deluxe'),
(31, 4, 1, '5', 'Deluxe'),
(32, 4, 1, '6', 'Deluxe'),
(33, 4, 1, '7', 'Deluxe'),
(34, 4, 1, '8', 'Deluxe'),
(35, 4, 1, '9', 'Deluxe'),
(36, 4, 1, '10', 'Deluxe'),
(37, 4, 1, '11', 'Deluxe'),
(38, 4, 1, '12', 'Deluxe'),
(39, 4, 1, '13', 'Deluxe'),
(40, 4, 1, '14', 'Deluxe'),
(41, 4, 1, '15', 'Deluxe'),
(42, 4, 1, '16', 'Deluxe'),
(43, 5, 1, '1', 'Deluxe'),
(44, 5, 1, '2', 'Deluxe'),
(45, 5, 1, '3', 'Deluxe'),
(46, 5, 1, '4', 'Deluxe'),
(47, 5, 1, '5', 'Deluxe'),
(48, 5, 1, '6', 'Deluxe'),
(49, 5, 1, '7', 'Deluxe'),
(50, 5, 1, '8', 'Deluxe'),
(51, 5, 1, '9', 'Deluxe'),
(52, 5, 1, '10', 'Deluxe'),
(53, 5, 1, '11', 'Deluxe'),
(54, 5, 1, '12', 'Deluxe'),
(55, 5, 1, '13', 'Deluxe'),
(56, 5, 1, '14', 'Deluxe'),
(57, 5, 1, '15', 'Deluxe'),
(58, 5, 1, '16', 'Deluxe'),
(59, 6, 1, '1', 'Deluxe'),
(60, 6, 1, '2', 'Deluxe'),
(61, 6, 1, '3', 'Deluxe'),
(62, 6, 1, '4', 'Deluxe'),
(63, 6, 1, '5', 'Deluxe'),
(64, 6, 1, '6', 'Deluxe'),
(65, 6, 1, '7', 'Deluxe'),
(66, 6, 1, '8', 'Deluxe'),
(67, 6, 1, '9', 'Deluxe'),
(68, 6, 1, '10', 'Deluxe'),
(69, 6, 1, '11', 'Deluxe'),
(70, 6, 1, '12', 'Deluxe'),
(71, 6, 1, '13', 'Deluxe'),
(72, 6, 1, '14', 'Deluxe'),
(73, 6, 1, '15', 'Deluxe'),
(74, 6, 1, '16', 'Deluxe'),
(75, 7, 1, '1', 'Deluxe'),
(76, 7, 1, '2', 'Deluxe'),
(77, 7, 1, '3', 'Deluxe'),
(78, 7, 1, '4', 'Deluxe'),
(79, 7, 1, '5', 'Deluxe'),
(80, 7, 1, '6', 'Deluxe'),
(81, 7, 1, '7', 'Deluxe'),
(82, 7, 1, '8', 'Deluxe'),
(83, 7, 1, '9', 'Deluxe'),
(84, 7, 1, '10', 'Deluxe'),
(85, 7, 1, '11', 'Deluxe'),
(86, 7, 1, '12', 'Deluxe'),
(87, 7, 1, '13', 'Deluxe'),
(88, 7, 1, '14', 'Deluxe'),
(89, 7, 1, '15', 'Deluxe'),
(90, 7, 1, '16', 'Deluxe'),
(91, 8, 1, '1', 'Deluxe'),
(92, 8, 1, '2', 'Deluxe'),
(93, 8, 1, '3', 'Deluxe'),
(94, 8, 1, '4', 'Deluxe'),
(95, 8, 1, '8', 'Deluxe'),
(96, 9, 1, '1', 'Premium'),
(97, 9, 1, '2', 'Premium'),
(98, 9, 1, '3', 'Premium'),
(99, 9, 1, '4', 'Premium'),
(100, 9, 1, '5', 'Premium'),
(101, 9, 1, '6', 'Premium'),
(102, 9, 1, '7', 'Premium'),
(103, 10, 1, '1', 'Premium'),
(104, 10, 1, '2', 'Premium'),
(105, 10, 1, '3', 'Premium'),
(106, 10, 1, '4', 'Premium'),
(107, 10, 1, '5', 'Premium'),
(108, 10, 1, '6', 'Premium'),
(109, 10, 1, '7', 'Premium'),
(110, 10, 1, '8', 'Premium'),
(111, 11, 1, '1', 'Premium'),
(112, 11, 1, '2', 'Premium'),
(113, 11, 1, '3', 'Premium'),
(114, 11, 1, '4', 'Premium'),
(115, 11, 1, '5', 'Premium'),
(116, 11, 1, '6', 'Premium'),
(117, 11, 1, '7', 'Premium'),
(118, 11, 1, '8', 'Premium'),
(119, 12, 1, '1', 'Premium'),
(120, 12, 1, '2', 'Premium'),
(121, 12, 1, '3', 'Premium'),
(122, 12, 1, '4', 'Premium'),
(123, 12, 1, '5', 'Premium'),
(124, 12, 1, '6', 'Premium'),
(125, 12, 1, '7', 'Premium'),
(126, 12, 1, '8', 'Premium'),
(127, 13, 1, '1', 'Premium'),
(128, 13, 1, '2', 'Premium'),
(129, 13, 1, '3', 'Premium'),
(130, 13, 1, '4', 'Premium'),
(131, 13, 1, '5', 'Premium'),
(132, 13, 1, '6', 'Premium'),
(133, 13, 1, '7', 'Premium'),
(134, 14, 1, '1', 'Standard'),
(135, 14, 1, '2', 'Standard'),
(136, 14, 1, '3', 'Standard'),
(137, 14, 1, '4', 'Standard'),
(138, 15, 1, '1', 'Deluxe'),
(139, 15, 1, '2', 'Deluxe'),
(140, 15, 1, '3', 'Deluxe'),
(141, 15, 1, '4', 'Deluxe'),
(142, 15, 1, '5', 'Deluxe'),
(143, 15, 1, '6', 'Deluxe'),
(144, 15, 1, '7', 'Deluxe'),
(145, 16, 1, '1', 'Premium'),
(146, 16, 1, '2', 'Premium'),
(147, 16, 1, '3', 'Premium'),
(148, 16, 1, '4', 'Premium'),
(149, 16, 1, '5', 'Premium'),
(150, 16, 1, '6', 'Premium'),
(151, 16, 1, '7', 'Premium'),
(152, 16, 1, '8', 'Premium'),
(153, 16, 1, '9', 'Premium'),
(154, 16, 1, '10', 'Premium'),
(155, 16, 1, '11', 'Premium'),
(156, 16, 1, '12', 'Premium'),
(157, 16, 1, '13', 'Premium'),
(158, 16, 1, '14', 'Premium'),
(159, 16, 1, '15', 'Premium'),
(160, 16, 1, '16', 'Premium'),
(161, 17, 1, '1', 'Premium'),
(162, 17, 1, '2', 'Premium'),
(163, 17, 1, '3', 'Premium'),
(164, 17, 1, '4', 'Premium'),
(165, 17, 1, '5', 'Premium'),
(166, 17, 1, '6', 'Premium'),
(167, 17, 1, '7', 'Premium'),
(168, 17, 1, '8', 'Premium'),
(169, 17, 1, '9', 'Premium'),
(170, 17, 1, '10', 'Premium'),
(171, 17, 1, '11', 'Premium'),
(172, 17, 1, '12', 'Premium'),
(173, 17, 1, '13', 'Premium'),
(174, 17, 1, '14', 'Premium'),
(175, 17, 1, '15', 'Premium'),
(176, 17, 1, '16', 'Premium'),
(177, 18, 1, '1', 'Premium'),
(178, 18, 1, '2', 'Premium'),
(179, 18, 1, '3', 'Premium'),
(180, 18, 1, '4', 'Premium'),
(181, 18, 1, '5', 'Premium'),
(182, 18, 1, '6', 'Premium'),
(183, 18, 1, '7', 'Premium'),
(184, 18, 1, '8', 'Premium'),
(185, 18, 1, '9', 'Premium'),
(186, 18, 1, '10', 'Premium'),
(187, 18, 1, '11', 'Premium'),
(188, 18, 1, '12', 'Premium'),
(189, 18, 1, '13', 'Premium'),
(190, 18, 1, '14', 'Premium'),
(191, 18, 1, '15', 'Premium'),
(192, 18, 1, '16', 'Premium'),
(193, 19, 1, '1', 'Premium'),
(194, 19, 1, '2', 'Premium'),
(195, 19, 1, '3', 'Premium'),
(196, 19, 1, '4', 'Premium'),
(197, 19, 1, '5', 'Premium'),
(198, 19, 1, '6', 'Premium'),
(199, 19, 1, '7', 'Premium'),
(200, 19, 1, '8', 'Premium'),
(201, 19, 1, '9', 'Premium'),
(202, 19, 1, '10', 'Premium'),
(203, 19, 1, '11', 'Premium'),
(204, 19, 1, '12', 'Premium'),
(205, 19, 1, '13', 'Premium'),
(206, 19, 1, '14', 'Premium'),
(207, 19, 1, '15', 'Premium'),
(208, 19, 1, '16', 'Premium'),
(209, 20, 1, '1', 'Premium'),
(210, 20, 1, '2', 'Premium'),
(211, 20, 1, '3', 'Premium'),
(212, 20, 1, '4', 'Premium'),
(213, 20, 1, '5', 'Premium'),
(214, 20, 1, '6', 'Premium'),
(215, 20, 1, '7', 'Premium'),
(216, 20, 1, '8', 'Premium'),
(217, 20, 1, '9', 'Premium'),
(218, 20, 1, '10', 'Premium'),
(219, 20, 1, '11', 'Premium'),
(220, 20, 1, '12', 'Premium'),
(221, 20, 1, '13', 'Premium'),
(222, 20, 1, '14', 'Premium'),
(223, 20, 1, '15', 'Premium'),
(224, 21, 1, '1', 'Deluxe'),
(225, 21, 1, '2', 'Deluxe'),
(226, 21, 1, '3', 'Deluxe'),
(227, 21, 1, '4', 'Deluxe'),
(228, 21, 1, '8', 'Deluxe'),
(229, 21, 1, '16', 'Deluxe'),
(230, 22, 1, '1', 'Deluxe'),
(231, 22, 1, '2', 'Deluxe'),
(232, 22, 1, '3', 'Deluxe'),
(233, 22, 1, '4', 'Deluxe'),
(234, 22, 1, '9', 'Deluxe'),
(235, 22, 1, '18', 'Deluxe'),
(236, 23, 1, '1', 'Premium'),
(237, 23, 1, '2', 'Premium'),
(238, 23, 1, '3', 'Premium'),
(239, 23, 1, '4', 'Premium'),
(240, 23, 1, '5', 'Premium'),
(241, 23, 1, '6', 'Premium'),
(242, 23, 1, '7', 'Premium'),
(243, 23, 1, '8', 'Premium'),
(244, 23, 1, '9', 'Premium'),
(245, 23, 1, '10', 'Premium'),
(246, 23, 1, '11', 'Premium'),
(247, 23, 1, '12', 'Premium'),
(248, 23, 1, '13', 'Premium'),
(249, 23, 1, '14', 'Premium'),
(250, 23, 1, '15', 'Premium'),
(251, 23, 1, '16', 'Premium'),
(252, 23, 1, '17', 'Premium'),
(253, 24, 1, '1', 'Premium'),
(254, 24, 1, '2', 'Premium'),
(255, 24, 1, '3', 'Premium'),
(256, 24, 1, '4', 'Premium'),
(257, 24, 1, '5', 'Premium'),
(258, 24, 1, '6', 'Premium'),
(259, 24, 1, '7', 'Premium'),
(260, 24, 1, '8', 'Premium'),
(261, 24, 1, '9', 'Premium'),
(262, 24, 1, '10', 'Premium'),
(263, 24, 1, '11', 'Premium'),
(264, 24, 1, '12', 'Premium'),
(265, 24, 1, '13', 'Premium'),
(266, 24, 1, '14', 'Premium'),
(267, 24, 1, '15', 'Premium'),
(268, 24, 1, '16', 'Premium'),
(269, 25, 1, '1', 'Premium'),
(270, 25, 1, '2', 'Premium'),
(271, 25, 1, '3', 'Premium'),
(272, 25, 1, '4', 'Premium'),
(273, 25, 1, '5', 'Premium'),
(274, 25, 1, '6', 'Premium'),
(275, 25, 1, '7', 'Premium'),
(276, 25, 1, '8', 'Premium'),
(277, 25, 1, '9', 'Premium'),
(278, 25, 1, '10', 'Premium'),
(279, 25, 1, '11', 'Premium'),
(280, 25, 1, '12', 'Premium'),
(281, 25, 1, '13', 'Premium'),
(282, 25, 1, '14', 'Premium'),
(283, 25, 1, '15', 'Premium'),
(284, 25, 1, '16', 'Premium'),
(285, 26, 1, '1', 'Premium'),
(286, 26, 1, '2', 'Premium'),
(287, 26, 1, '3', 'Premium'),
(288, 26, 1, '4', 'Premium'),
(289, 26, 1, '5', 'Premium'),
(290, 26, 1, '6', 'Premium'),
(291, 26, 1, '7', 'Premium'),
(292, 26, 1, '8', 'Premium'),
(293, 26, 1, '9', 'Premium'),
(294, 26, 1, '10', 'Premium'),
(295, 26, 1, '11', 'Premium'),
(296, 26, 1, '12', 'Premium'),
(297, 26, 1, '13', 'Premium'),
(298, 26, 1, '14', 'Premium'),
(299, 27, 1, '1', 'Premium'),
(300, 27, 1, '2', 'Premium'),
(301, 27, 1, '3', 'Premium'),
(302, 27, 1, '4', 'Premium'),
(303, 27, 1, '5', 'Premium'),
(304, 27, 1, '6', 'Premium'),
(305, 27, 1, '7', 'Premium'),
(306, 27, 1, '8', 'Premium'),
(307, 27, 1, '9', 'Premium'),
(308, 27, 1, '10', 'Premium'),
(309, 27, 1, '11', 'Premium'),
(310, 27, 1, '12', 'Premium'),
(311, 27, 1, '13', 'Premium'),
(312, 27, 1, '14', 'Premium'),
(313, 27, 1, '15', 'Premium'),
(314, 27, 1, '16', 'Premium'),
(315, 27, 1, '17', 'Premium'),
(316, 28, 1, '1', 'Deluxe'),
(317, 28, 1, '2', 'Deluxe'),
(318, 28, 1, '3', 'Deluxe'),
(319, 28, 1, '4', 'Deluxe'),
(320, 29, 1, '1', 'Standard'),
(321, 29, 1, '2', 'Standard'),
(322, 29, 1, '3', 'Standard'),
(323, 29, 1, '4', 'Standard'),
(324, 30, 1, '1', 'Standard'),
(325, 30, 1, '2', 'Standard'),
(326, 30, 1, '3', 'Standard'),
(327, 30, 1, '4', 'Standard'),
(328, 31, 1, '1', 'Deluxe'),
(329, 31, 1, '2', 'Deluxe'),
(330, 31, 1, '3', 'Deluxe'),
(331, 31, 1, '4', 'Deluxe'),
(332, 32, 1, '1', 'Premium'),
(333, 32, 1, '2', 'Premium'),
(334, 32, 1, '3', 'Premium'),
(335, 32, 1, '4', 'Premium'),
(336, 32, 1, '5', 'Premium'),
(337, 32, 1, '6', 'Premium'),
(338, 32, 1, '7', 'Premium'),
(339, 32, 1, '8', 'Premium'),
(340, 32, 1, '9', 'Premium'),
(341, 32, 1, '10', 'Premium'),
(342, 32, 1, '11', 'Premium'),
(343, 32, 1, '12', 'Premium'),
(344, 32, 1, '13', 'Premium'),
(345, 32, 1, '14', 'Premium'),
(346, 32, 1, '15', 'Premium'),
(347, 32, 1, '16', 'Premium'),
(348, 32, 1, '17', 'Premium'),
(349, 32, 1, '18', 'Premium'),
(350, 33, 1, '1', 'Premium'),
(351, 33, 1, '2', 'Premium'),
(352, 33, 1, '3', 'Premium'),
(353, 33, 1, '4', 'Premium'),
(354, 33, 1, '5', 'Premium'),
(355, 33, 1, '6', 'Premium'),
(356, 33, 1, '7', 'Premium'),
(357, 33, 1, '8', 'Premium'),
(358, 33, 1, '9', 'Premium'),
(359, 33, 1, '10', 'Premium'),
(360, 33, 1, '11', 'Premium'),
(361, 33, 1, '12', 'Premium'),
(362, 33, 1, '13', 'Premium'),
(363, 33, 1, '14', 'Premium'),
(364, 33, 1, '15', 'Premium'),
(365, 33, 1, '16', 'Premium'),
(366, 34, 1, '1', 'Premium'),
(367, 34, 1, '2', 'Premium'),
(368, 34, 1, '3', 'Premium'),
(369, 34, 1, '4', 'Premium'),
(370, 34, 1, '5', 'Premium'),
(371, 34, 1, '6', 'Premium'),
(372, 34, 1, '7', 'Premium'),
(373, 34, 1, '8', 'Premium'),
(374, 34, 1, '9', 'Premium'),
(375, 34, 1, '10', 'Premium'),
(376, 34, 1, '11', 'Premium'),
(377, 34, 1, '12', 'Premium'),
(378, 34, 1, '13', 'Premium'),
(379, 34, 1, '14', 'Premium'),
(380, 34, 1, '15', 'Premium'),
(381, 34, 1, '16', 'Premium'),
(382, 35, 1, '1', 'Premium'),
(383, 35, 1, '2', 'Premium'),
(384, 35, 1, '3', 'Premium'),
(385, 35, 1, '4', 'Premium'),
(386, 35, 1, '5', 'Premium'),
(387, 35, 1, '6', 'Premium'),
(388, 35, 1, '7', 'Premium'),
(389, 35, 1, '8', 'Premium'),
(390, 35, 1, '9', 'Premium'),
(391, 35, 1, '10', 'Premium'),
(392, 35, 1, '11', 'Premium'),
(393, 35, 1, '12', 'Premium'),
(394, 35, 1, '13', 'Premium'),
(395, 35, 1, '14', 'Premium'),
(396, 35, 1, '15', 'Premium'),
(397, 35, 1, '16', 'Premium'),
(398, 36, 1, '1', 'Premium'),
(399, 36, 1, '2', 'Premium'),
(400, 36, 1, '3', 'Premium'),
(401, 36, 1, '4', 'Premium'),
(402, 36, 1, '5', 'Premium'),
(403, 36, 1, '6', 'Premium'),
(404, 36, 1, '7', 'Premium'),
(405, 36, 1, '8', 'Premium'),
(406, 36, 1, '9', 'Premium'),
(407, 36, 1, '10', 'Premium'),
(408, 36, 1, '11', 'Premium'),
(409, 36, 1, '12', 'Premium'),
(410, 36, 1, '13', 'Premium'),
(411, 36, 1, '14', 'Premium'),
(412, 36, 1, '15', 'Premium'),
(413, 36, 1, '16', 'Premium'),
(414, 37, 1, '1', 'Deluxe'),
(415, 37, 1, '2', 'Deluxe'),
(416, 37, 1, '3', 'Deluxe'),
(417, 37, 1, '4', 'Deluxe'),
(418, 38, 1, '1', 'Deluxe'),
(419, 38, 1, '2', 'Deluxe'),
(420, 38, 1, '3', 'Deluxe'),
(421, 38, 1, '4', 'Deluxe'),
(422, 39, 1, '1', 'Premium'),
(423, 39, 1, '2', 'Premium'),
(424, 39, 1, '3', 'Premium'),
(425, 39, 1, '4', 'Premium'),
(426, 39, 1, '5', 'Premium'),
(427, 39, 1, '6', 'Premium'),
(428, 39, 1, '7', 'Premium'),
(429, 39, 1, '8', 'Premium'),
(430, 39, 1, '9', 'Premium'),
(431, 39, 1, '10', 'Premium'),
(432, 39, 1, '11', 'Premium'),
(433, 39, 1, '12', 'Premium'),
(434, 39, 1, '13', 'Premium'),
(435, 39, 1, '14', 'Premium'),
(436, 39, 1, '15', 'Premium'),
(437, 39, 1, '16', 'Premium'),
(438, 40, 1, '1', 'Premium'),
(439, 40, 1, '2', 'Premium'),
(440, 40, 1, '3', 'Premium'),
(441, 40, 1, '4', 'Premium'),
(442, 40, 1, '5', 'Premium'),
(443, 40, 1, '6', 'Premium'),
(444, 40, 1, '7', 'Premium'),
(445, 40, 1, '8', 'Premium'),
(446, 40, 1, '9', 'Premium'),
(447, 40, 1, '10', 'Premium'),
(448, 40, 1, '11', 'Premium'),
(449, 40, 1, '12', 'Premium'),
(450, 40, 1, '13', 'Premium'),
(451, 40, 1, '14', 'Premium'),
(452, 40, 1, '15', 'Premium'),
(453, 40, 1, '16', 'Premium'),
(454, 41, 1, '1', 'Premium'),
(455, 41, 1, '2', 'Premium'),
(456, 41, 1, '3', 'Premium'),
(457, 41, 1, '4', 'Premium'),
(458, 41, 1, '5', 'Premium'),
(459, 41, 1, '6', 'Premium'),
(460, 41, 1, '7', 'Premium'),
(461, 41, 1, '8', 'Premium'),
(462, 41, 1, '9', 'Premium'),
(463, 41, 1, '10', 'Premium'),
(464, 41, 1, '11', 'Premium'),
(465, 41, 1, '12', 'Premium'),
(466, 41, 1, '13', 'Premium'),
(467, 41, 1, '14', 'Premium'),
(468, 41, 1, '15', 'Premium'),
(469, 41, 1, '16', 'Premium'),
(470, 42, 1, '1', 'Premium'),
(471, 42, 1, '2', 'Premium'),
(472, 42, 1, '3', 'Premium'),
(473, 42, 1, '4', 'Premium'),
(474, 42, 1, '5', 'Premium'),
(475, 42, 1, '6', 'Premium'),
(476, 42, 1, '7', 'Premium'),
(477, 42, 1, '8', 'Premium'),
(478, 42, 1, '9', 'Premium'),
(479, 42, 1, '10', 'Premium'),
(480, 42, 1, '11', 'Premium'),
(481, 42, 1, '12', 'Premium'),
(482, 42, 1, '13', 'Premium'),
(483, 42, 1, '14', 'Premium'),
(484, 42, 1, '15', 'Premium'),
(485, 42, 1, '16', 'Premium'),
(486, 43, 1, '1', 'Premium'),
(487, 43, 1, '2', 'Premium'),
(488, 43, 1, '3', 'Premium'),
(489, 43, 1, '4', 'Premium'),
(490, 43, 1, '5', 'Premium'),
(491, 43, 1, '6', 'Premium'),
(492, 43, 1, '7', 'Premium'),
(493, 43, 1, '8', 'Premium'),
(494, 43, 1, '9', 'Premium'),
(495, 43, 1, '10', 'Premium'),
(496, 43, 1, '11', 'Premium'),
(497, 43, 1, '12', 'Premium'),
(498, 43, 1, '13', 'Premium'),
(499, 43, 1, '14', 'Premium'),
(500, 43, 1, '15', 'Premium'),
(501, 43, 1, '16', 'Premium'),
(502, 43, 1, '17', 'Premium'),
(503, 43, 1, '18', 'Premium'),
(504, 43, 1, '19', 'Premium'),
(505, 43, 1, '20', 'Premium'),
(506, 44, 1, '1', 'Deluxe'),
(507, 44, 1, '2', 'Deluxe'),
(508, 44, 1, '3', 'Deluxe'),
(509, 44, 1, '4', 'Deluxe'),
(510, 45, 1, '1', 'Standard'),
(511, 45, 1, '2', 'Standard'),
(512, 45, 1, '3', 'Standard'),
(513, 45, 1, '4', 'Standard'),
(514, 46, 1, '1', 'Standard'),
(515, 46, 1, '2', 'Standard'),
(516, 46, 1, '3', 'Standard'),
(517, 46, 1, '4', 'Standard'),
(518, 47, 1, '1', 'Deluxe'),
(519, 47, 1, '2', 'Deluxe'),
(520, 47, 1, '3', 'Deluxe'),
(521, 47, 1, '4', 'Deluxe'),
(522, 48, 1, '1', 'Premium'),
(523, 48, 1, '2', 'Premium'),
(524, 48, 1, '3', 'Premium'),
(525, 48, 1, '4', 'Premium'),
(526, 48, 1, '5', 'Premium'),
(532, 49, 1, '1', 'Premium'),
(533, 49, 1, '2', 'Premium'),
(534, 49, 1, '3', 'Premium'),
(535, 49, 1, '4', 'Premium'),
(536, 49, 1, '5', 'Premium'),
(537, 49, 1, '6', 'Premium'),
(538, 49, 1, '7', 'Premium'),
(539, 49, 1, '8', 'Premium'),
(540, 49, 1, '9', 'Premium'),
(541, 49, 1, '10', 'Premium'),
(542, 49, 1, '11', 'Premium'),
(543, 49, 1, '12', 'Premium'),
(544, 49, 1, '13', 'Premium'),
(545, 49, 1, '14', 'Premium'),
(546, 49, 1, '15', 'Premium'),
(547, 49, 1, '16', 'Premium'),
(548, 50, 1, '1', 'Premium'),
(549, 50, 1, '2', 'Premium'),
(550, 50, 1, '3', 'Premium'),
(551, 50, 1, '4', 'Premium'),
(552, 50, 1, '5', 'Premium'),
(553, 50, 1, '6', 'Premium'),
(554, 50, 1, '7', 'Premium'),
(555, 50, 1, '8', 'Premium'),
(556, 50, 1, '9', 'Premium'),
(557, 50, 1, '10', 'Premium'),
(558, 50, 1, '11', 'Premium'),
(559, 50, 1, '12', 'Premium'),
(560, 50, 1, '13', 'Premium'),
(561, 50, 1, '14', 'Premium'),
(562, 50, 1, '15', 'Premium'),
(563, 50, 1, '16', 'Premium'),
(564, 51, 1, '1', 'Premium'),
(565, 51, 1, '2', 'Premium'),
(566, 51, 1, '3', 'Premium'),
(567, 51, 1, '4', 'Premium'),
(568, 51, 1, '5', 'Premium'),
(569, 51, 1, '6', 'Premium'),
(570, 51, 1, '7', 'Premium'),
(571, 51, 1, '8', 'Premium'),
(572, 51, 1, '9', 'Premium'),
(573, 51, 1, '10', 'Premium'),
(574, 51, 1, '11', 'Premium'),
(575, 51, 1, '12', 'Premium'),
(576, 51, 1, '13', 'Premium'),
(577, 51, 1, '14', 'Premium'),
(578, 51, 1, '15', 'Premium'),
(579, 51, 1, '16', 'Premium'),
(580, 52, 1, '1', 'Premium'),
(581, 52, 1, '2', 'Premium'),
(582, 52, 1, '3', 'Premium'),
(583, 52, 1, '4', 'Premium'),
(584, 52, 1, '5', 'Premium'),
(585, 52, 1, '6', 'Premium'),
(586, 52, 1, '7', 'Premium'),
(587, 52, 1, '8', 'Premium'),
(588, 52, 1, '9', 'Premium'),
(589, 52, 1, '10', 'Premium'),
(590, 52, 1, '11', 'Premium'),
(591, 52, 1, '12', 'Premium'),
(592, 52, 1, '13', 'Premium'),
(593, 52, 1, '14', 'Premium'),
(594, 52, 1, '15', 'Premium'),
(595, 52, 1, '16', 'Premium'),
(596, 53, 1, '1', 'Premium'),
(597, 53, 1, '2', 'Premium'),
(598, 53, 1, '3', 'Premium'),
(599, 53, 1, '4', 'Premium'),
(600, 53, 1, '5', 'Premium'),
(601, 53, 1, '6', 'Premium'),
(602, 53, 1, '7', 'Premium'),
(603, 53, 1, '8', 'Premium'),
(604, 53, 1, '9', 'Premium'),
(605, 53, 1, '10', 'Premium'),
(606, 53, 1, '11', 'Premium'),
(607, 53, 1, '12', 'Premium'),
(608, 53, 1, '13', 'Premium'),
(609, 53, 1, '14', 'Premium'),
(610, 53, 1, '15', 'Premium'),
(611, 53, 1, '16', 'Premium'),
(612, 54, 1, '1', 'Premium'),
(613, 54, 1, '2', 'Premium'),
(614, 54, 1, '3', 'Premium'),
(615, 54, 1, '4', 'Premium'),
(616, 55, 1, '1', 'Premium'),
(617, 55, 1, '2', 'Premium'),
(618, 55, 1, '3', 'Premium'),
(619, 55, 1, '4', 'Premium'),
(620, 56, 1, '1', 'Premium'),
(621, 56, 1, '2', 'Premium'),
(622, 56, 1, '3', 'Premium'),
(623, 56, 1, '4', 'Premium'),
(624, 56, 1, '5', 'Premium'),
(625, 56, 1, '6', 'Premium'),
(626, 56, 1, '7', 'Premium'),
(627, 56, 1, '8', 'Premium'),
(628, 56, 1, '9', 'Premium'),
(629, 56, 1, '10', 'Premium'),
(630, 56, 1, '11', 'Premium'),
(631, 56, 1, '12', 'Premium'),
(632, 56, 1, '13', 'Premium'),
(633, 56, 1, '14', 'Premium'),
(634, 56, 1, '15', 'Premium'),
(635, 56, 1, '16', 'Premium'),
(636, 57, 1, '1', 'Premium'),
(637, 57, 1, '2', 'Premium'),
(638, 57, 1, '3', 'Premium'),
(639, 57, 1, '4', 'Premium'),
(640, 57, 1, '5', 'Premium'),
(641, 57, 1, '6', 'Premium'),
(642, 57, 1, '7', 'Premium'),
(643, 57, 1, '8', 'Premium'),
(644, 57, 1, '9', 'Premium'),
(645, 57, 1, '10', 'Premium'),
(646, 57, 1, '11', 'Premium'),
(647, 57, 1, '12', 'Premium'),
(648, 57, 1, '13', 'Premium'),
(649, 57, 1, '14', 'Premium'),
(650, 57, 1, '15', 'Premium'),
(651, 57, 1, '16', 'Premium'),
(652, 58, 1, '1', 'Premium'),
(653, 58, 1, '2', 'Premium'),
(654, 58, 1, '3', 'Premium'),
(655, 58, 1, '4', 'Premium'),
(656, 58, 1, '5', 'Premium'),
(657, 58, 1, '6', 'Premium'),
(658, 58, 1, '7', 'Premium'),
(659, 58, 1, '8', 'Premium'),
(660, 58, 1, '9', 'Premium'),
(661, 58, 1, '10', 'Premium'),
(662, 58, 1, '11', 'Premium'),
(663, 58, 1, '12', 'Premium'),
(664, 58, 1, '13', 'Premium'),
(665, 58, 1, '14', 'Premium'),
(666, 58, 1, '15', 'Premium'),
(667, 58, 1, '16', 'Premium'),
(668, 59, 1, '1', 'Premium'),
(669, 59, 1, '2', 'Premium'),
(670, 59, 1, '3', 'Premium'),
(671, 59, 1, '4', 'Premium'),
(672, 59, 1, '5', 'Premium'),
(673, 59, 1, '6', 'Premium'),
(674, 59, 1, '7', 'Premium'),
(675, 59, 1, '8', 'Premium'),
(676, 59, 1, '9', 'Premium'),
(677, 59, 1, '10', 'Premium'),
(678, 59, 1, '11', 'Premium'),
(679, 59, 1, '12', 'Premium'),
(680, 59, 1, '13', 'Premium'),
(681, 59, 1, '14', 'Premium'),
(682, 59, 1, '15', 'Premium'),
(683, 59, 1, '16', 'Premium'),
(684, 60, 1, '1', 'Premium'),
(685, 60, 1, '2', 'Premium'),
(686, 60, 1, '3', 'Premium'),
(687, 60, 1, '4', 'Premium'),
(688, 60, 1, '5', 'Premium'),
(689, 60, 1, '6', 'Premium'),
(690, 60, 1, '7', 'Premium'),
(691, 60, 1, '8', 'Premium'),
(692, 60, 1, '9', 'Premium'),
(693, 60, 1, '10', 'Premium'),
(694, 60, 1, '11', 'Premium'),
(695, 60, 1, '12', 'Premium'),
(696, 60, 1, '13', 'Premium'),
(697, 60, 1, '14', 'Premium'),
(698, 60, 1, '15', 'Premium'),
(699, 60, 1, '16', 'Premium'),
(700, 61, 1, '1', 'Premium'),
(701, 61, 1, '2', 'Premium'),
(702, 61, 1, '3', 'Premium'),
(703, 61, 1, '4', 'Premium'),
(704, 61, 1, '5', 'Premium'),
(705, 61, 1, '6', 'Premium'),
(706, 61, 1, '7', 'Premium'),
(707, 61, 1, '8', 'Premium'),
(708, 61, 1, '9', 'Premium'),
(709, 61, 1, '10', 'Premium'),
(710, 62, 1, '1', 'Deluxe'),
(711, 62, 1, '2', 'Deluxe'),
(712, 62, 1, '3', 'Deluxe'),
(713, 62, 1, '4', 'Deluxe'),
(714, 62, 1, '5', 'Deluxe'),
(715, 63, 1, '1', 'Standard'),
(716, 63, 1, '2', 'Standard'),
(717, 63, 1, '3', 'Standard'),
(718, 63, 1, '4', 'Standard'),
(719, 64, 1, '1', 'Standard'),
(720, 64, 1, '2', 'Standard'),
(721, 64, 1, '3', 'Standard'),
(722, 64, 1, '4', 'Standard'),
(725, 64, 1, '5', 'Standard'),
(726, 65, 1, '1', 'Deluxe'),
(727, 65, 1, '2', 'Deluxe'),
(728, 65, 1, '3', 'Deluxe'),
(729, 65, 1, '4', 'Deluxe'),
(730, 65, 1, '5', 'Deluxe'),
(731, 65, 1, '6', 'Deluxe'),
(732, 65, 1, '7', 'Deluxe'),
(733, 65, 1, '8', 'Deluxe'),
(734, 65, 1, '9', 'Deluxe'),
(735, 65, 1, '10', 'Deluxe'),
(736, 65, 1, '11', 'Deluxe'),
(737, 66, 1, '1', 'Deluxe'),
(738, 66, 1, '2', 'Deluxe'),
(739, 66, 1, '3', 'Deluxe'),
(740, 66, 1, '4', 'Deluxe'),
(741, 66, 1, '5', 'Deluxe'),
(742, 66, 1, '6', 'Deluxe'),
(743, 66, 1, '7', 'Deluxe'),
(744, 66, 1, '8', 'Deluxe'),
(745, 66, 1, '9', 'Deluxe'),
(746, 66, 1, '10', 'Deluxe'),
(747, 66, 1, '11', 'Deluxe'),
(748, 66, 1, '12', 'Deluxe'),
(749, 66, 1, '13', 'Deluxe'),
(750, 66, 1, '14', 'Deluxe'),
(751, 66, 1, '15', 'Deluxe'),
(752, 66, 1, '16', 'Deluxe'),
(753, 67, 1, '1', 'Deluxe'),
(754, 67, 1, '2', 'Deluxe'),
(755, 67, 1, '3', 'Deluxe'),
(756, 67, 1, '4', 'Deluxe'),
(757, 67, 1, '5', 'Deluxe'),
(758, 67, 1, '6', 'Deluxe'),
(759, 67, 1, '7', 'Deluxe'),
(760, 67, 1, '8', 'Deluxe'),
(761, 67, 1, '9', 'Deluxe'),
(762, 67, 1, '10', 'Deluxe'),
(763, 67, 1, '11', 'Deluxe'),
(764, 67, 1, '12', 'Deluxe'),
(765, 67, 1, '13', 'Deluxe'),
(766, 67, 1, '14', 'Deluxe'),
(767, 67, 1, '15', 'Deluxe'),
(768, 67, 1, '16', 'Deluxe'),
(769, 68, 1, '1', 'Deluxe'),
(770, 68, 1, '2', 'Deluxe'),
(771, 68, 1, '3', 'Deluxe'),
(772, 68, 1, '4', 'Deluxe'),
(773, 68, 1, '5', 'Deluxe'),
(774, 68, 1, '6', 'Deluxe'),
(775, 68, 1, '7', 'Deluxe'),
(776, 68, 1, '8', 'Deluxe'),
(777, 68, 1, '9', 'Deluxe'),
(778, 68, 1, '10', 'Deluxe'),
(779, 68, 1, '11', 'Deluxe'),
(780, 68, 1, '12', 'Deluxe'),
(781, 68, 1, '13', 'Deluxe'),
(782, 68, 1, '14', 'Deluxe'),
(783, 68, 1, '15', 'Deluxe'),
(784, 68, 1, '16', 'Deluxe'),
(785, 69, 1, '1', 'Deluxe'),
(786, 69, 1, '2', 'Deluxe'),
(787, 69, 1, '3', 'Deluxe'),
(788, 69, 1, '4', 'Deluxe'),
(789, 69, 1, '5', 'Deluxe'),
(790, 69, 1, '6', 'Deluxe'),
(791, 69, 1, '7', 'Deluxe'),
(792, 69, 1, '8', 'Deluxe'),
(793, 69, 1, '9', 'Deluxe'),
(794, 69, 1, '10', 'Deluxe'),
(795, 69, 1, '11', 'Deluxe'),
(796, 69, 1, '12', 'Deluxe'),
(797, 69, 1, '13', 'Deluxe'),
(798, 69, 1, '14', 'Deluxe'),
(799, 69, 1, '15', 'Deluxe'),
(800, 69, 1, '16', 'Deluxe'),
(801, 70, 1, '1', 'Deluxe'),
(802, 70, 1, '2', 'Deluxe'),
(803, 70, 1, '3', 'Deluxe'),
(804, 70, 1, '4', 'Deluxe'),
(805, 70, 1, '5', 'Deluxe'),
(806, 70, 1, '6', 'Deluxe'),
(807, 70, 1, '7', 'Deluxe'),
(808, 70, 1, '8', 'Deluxe'),
(809, 70, 1, '9', 'Deluxe'),
(810, 70, 1, '10', 'Deluxe'),
(811, 70, 1, '11', 'Deluxe'),
(812, 70, 1, '12', 'Deluxe'),
(813, 70, 1, '13', 'Deluxe'),
(814, 70, 1, '14', 'Deluxe'),
(815, 70, 1, '15', 'Deluxe'),
(816, 70, 1, '16', 'Deluxe'),
(817, 71, 1, '1', 'Deluxe'),
(818, 71, 1, '2', 'Deluxe'),
(819, 71, 1, '3', 'Deluxe'),
(820, 71, 1, '4', 'Deluxe'),
(821, 72, 1, '1', 'Standard'),
(822, 72, 1, '2', 'Standard'),
(823, 72, 1, '3', 'Standard'),
(824, 72, 1, '4', 'Standard'),
(825, 72, 1, '5', 'Standard'),
(826, 72, 1, '6', 'Standard'),
(827, 72, 1, '7', 'Standard'),
(828, 72, 1, '8', 'Standard'),
(829, 72, 1, '9', 'Standard'),
(830, 72, 1, '10', 'Standard'),
(831, 72, 1, '11', 'Standard'),
(832, 72, 1, '12', 'Standard'),
(833, 72, 1, '13', 'Standard'),
(834, 72, 1, '14', 'Standard'),
(835, 72, 1, '15', 'Standard'),
(836, 72, 1, '16', 'Standard'),
(837, 73, 1, '1', 'Standard'),
(838, 73, 1, '2', 'Standard'),
(839, 73, 1, '3', 'Standard'),
(840, 73, 1, '4', 'Standard'),
(841, 73, 1, '5', 'Standard'),
(842, 73, 1, '6', 'Standard'),
(843, 73, 1, '7', 'Standard'),
(844, 73, 1, '8', 'Standard'),
(845, 73, 1, '9', 'Standard'),
(846, 73, 1, '10', 'Standard'),
(847, 73, 1, '11', 'Standard'),
(848, 73, 1, '12', 'Standard'),
(849, 73, 1, '13', 'Standard'),
(850, 73, 1, '14', 'Standard'),
(851, 73, 1, '15', 'Standard'),
(852, 73, 1, '16', 'Standard'),
(853, 74, 1, '1', 'Standard'),
(854, 74, 1, '2', 'Standard'),
(855, 74, 1, '3', 'Standard'),
(856, 74, 1, '4', 'Standard'),
(857, 74, 1, '5', 'Standard'),
(858, 74, 1, '6', 'Standard'),
(859, 74, 1, '7', 'Standard'),
(860, 74, 1, '8', 'Standard'),
(861, 74, 1, '9', 'Standard'),
(862, 74, 1, '10', 'Standard'),
(863, 74, 1, '11', 'Standard'),
(864, 74, 1, '12', 'Standard'),
(865, 74, 1, '13', 'Standard'),
(866, 74, 1, '14', 'Standard'),
(867, 74, 1, '15', 'Standard'),
(868, 74, 1, '16', 'Standard'),
(869, 75, 1, '1', 'Standard'),
(870, 75, 1, '2', 'Standard'),
(871, 75, 1, '3', 'Standard'),
(872, 75, 1, '4', 'Standard'),
(873, 75, 1, '5', 'Standard'),
(874, 75, 1, '6', 'Standard'),
(875, 75, 1, '7', 'Standard'),
(876, 75, 1, '8', 'Standard'),
(877, 75, 1, '9', 'Standard'),
(878, 75, 1, '10', 'Standard'),
(879, 75, 1, '11', 'Standard'),
(880, 75, 1, '12', 'Standard'),
(881, 75, 1, '13', 'Standard'),
(882, 75, 1, '14', 'Standard'),
(883, 75, 1, '15', 'Standard'),
(884, 75, 1, '16', 'Standard'),
(885, 76, 1, '1', 'Standard'),
(886, 76, 1, '2', 'Standard'),
(887, 76, 1, '3', 'Standard'),
(888, 76, 1, '4', 'Standard'),
(889, 76, 1, '5', 'Standard'),
(890, 76, 1, '6', 'Standard'),
(891, 76, 1, '7', 'Standard'),
(892, 76, 1, '8', 'Standard'),
(893, 76, 1, '9', 'Standard'),
(894, 76, 1, '10', 'Standard'),
(895, 76, 1, '11', 'Standard'),
(896, 76, 1, '12', 'Standard'),
(897, 76, 1, '13', 'Standard'),
(898, 76, 1, '14', 'Standard'),
(899, 76, 1, '15', 'Standard'),
(900, 76, 1, '16', 'Standard'),
(901, 77, 1, '1', 'Standard'),
(902, 77, 1, '2', 'Standard'),
(903, 77, 1, '3', 'Standard'),
(904, 77, 1, '4', 'Standard'),
(905, 77, 1, '5', 'Standard'),
(906, 77, 1, '6', 'Standard'),
(907, 77, 1, '7', 'Standard'),
(908, 77, 1, '8', 'Standard'),
(909, 77, 1, '9', 'Standard'),
(910, 77, 1, '10', 'Standard'),
(911, 77, 1, '11', 'Standard'),
(912, 77, 1, '12', 'Standard'),
(913, 77, 1, '13', 'Standard'),
(914, 77, 1, '14', 'Standard'),
(915, 77, 1, '15', 'Standard'),
(916, 77, 1, '16', 'Standard'),
(917, 77, 1, '17', 'Standard'),
(918, 20, 1, '16', 'Premium'),
(919, 23, 1, '18', 'Premium'),
(920, 80, 1, '1', 'Standard'),
(921, 80, 1, '2', 'Standard'),
(922, 80, 1, '3', 'Standard'),
(923, 80, 1, '4', 'Standard'),
(924, 80, 1, '5', 'Standard'),
(925, 80, 1, '6', 'Standard'),
(926, 80, 1, '7', 'Standard'),
(927, 80, 1, '8', 'Standard'),
(928, 80, 1, '9', 'Standard'),
(929, 80, 1, '10', 'Standard'),
(930, 80, 1, '11', 'Standard'),
(931, 80, 1, '12', 'Standard'),
(932, 80, 1, '13', 'Standard'),
(933, 80, 1, '14', 'Standard'),
(934, 80, 1, '15', 'Standard'),
(935, 80, 1, '16', 'Standard'),
(936, 80, 1, '17', 'Standard'),
(937, 80, 1, '18', 'Standard'),
(938, 81, 1, '2', 'Standard'),
(939, 81, 1, '3', 'Standard'),
(940, 81, 1, '4', 'Standard'),
(941, 81, 1, '5', 'Standard'),
(942, 81, 1, '6', 'Standard'),
(943, 81, 1, '7', 'Standard'),
(944, 81, 1, '8', 'Standard'),
(945, 81, 1, '9', 'Standard'),
(946, 81, 1, '10', 'Standard'),
(947, 81, 1, '11', 'Standard'),
(948, 81, 1, '12', 'Standard'),
(949, 81, 1, '13', 'Standard'),
(950, 81, 1, '14', 'Standard'),
(951, 81, 1, '15', 'Standard'),
(952, 81, 1, '16', 'Standard'),
(953, 82, 1, '2', 'Standard'),
(954, 82, 1, '3', 'Standard'),
(955, 82, 1, '4', 'Standard'),
(956, 82, 1, '5', 'Standard'),
(957, 82, 1, '6', 'Standard'),
(958, 82, 1, '7', 'Standard'),
(959, 82, 1, '8', 'Standard'),
(960, 82, 1, '9', 'Standard'),
(961, 82, 1, '10', 'Standard'),
(962, 82, 1, '11', 'Standard'),
(963, 82, 1, '12', 'Standard'),
(964, 82, 1, '13', 'Standard'),
(965, 82, 1, '14', 'Standard'),
(966, 82, 1, '15', 'Standard'),
(967, 82, 1, '16', 'Standard'),
(968, 83, 1, '2', 'Standard'),
(969, 83, 1, '3', 'Standard'),
(970, 83, 1, '4', 'Standard'),
(971, 83, 1, '5', 'Standard'),
(972, 83, 1, '6', 'Standard'),
(973, 83, 1, '7', 'Standard'),
(974, 83, 1, '8', 'Standard'),
(975, 83, 1, '9', 'Standard'),
(976, 83, 1, '10', 'Standard'),
(977, 84, 1, '2', 'Standard'),
(978, 84, 1, '3', 'Standard'),
(979, 84, 1, '4', 'Standard'),
(980, 84, 1, '5', 'Standard'),
(981, 84, 1, '6', 'Standard'),
(982, 84, 1, '7', 'Standard'),
(983, 84, 1, '8', 'Standard'),
(984, 84, 1, '9', 'Standard'),
(985, 84, 1, '10', 'Standard'),
(986, 84, 1, '11', 'Standard'),
(987, 84, 1, '12', 'Standard'),
(988, 85, 1, '2', 'Deluxe'),
(989, 85, 1, '3', 'Deluxe'),
(990, 85, 1, '4', 'Deluxe'),
(991, 85, 1, '5', 'Deluxe'),
(992, 85, 1, '6', 'Deluxe'),
(993, 85, 1, '7', 'Deluxe'),
(994, 85, 1, '8', 'Deluxe'),
(995, 85, 1, '9', 'Deluxe'),
(996, 85, 1, '10', 'Deluxe'),
(997, 85, 1, '11', 'Deluxe'),
(998, 85, 1, '12', 'Deluxe'),
(999, 85, 1, '13', 'Deluxe'),
(1000, 85, 1, '14', 'Deluxe'),
(1001, 85, 1, '15', 'Deluxe'),
(1002, 85, 1, '16', 'Deluxe'),
(1003, 86, 1, '2', 'Deluxe'),
(1004, 86, 1, '3', 'Deluxe'),
(1005, 86, 1, '4', 'Deluxe'),
(1006, 86, 1, '5', 'Deluxe'),
(1007, 86, 1, '6', 'Deluxe'),
(1008, 86, 1, '7', 'Deluxe'),
(1009, 86, 1, '8', 'Deluxe'),
(1010, 86, 1, '9', 'Deluxe'),
(1011, 86, 1, '10', 'Deluxe'),
(1012, 86, 1, '11', 'Deluxe'),
(1013, 86, 1, '12', 'Deluxe'),
(1014, 86, 1, '13', 'Deluxe'),
(1015, 86, 1, '14', 'Deluxe'),
(1016, 86, 1, '15', 'Deluxe'),
(1017, 86, 1, '16', 'Deluxe'),
(1018, 87, 1, '2', 'Deluxe'),
(1019, 87, 1, '3', 'Deluxe'),
(1020, 87, 1, '4', 'Deluxe'),
(1021, 87, 1, '5', 'Deluxe'),
(1022, 87, 1, '6', 'Deluxe'),
(1023, 87, 1, '7', 'Deluxe'),
(1024, 87, 1, '8', 'Deluxe'),
(1025, 87, 1, '9', 'Deluxe'),
(1026, 87, 1, '10', 'Deluxe'),
(1027, 87, 1, '11', 'Deluxe'),
(1028, 87, 1, '12', 'Deluxe'),
(1029, 87, 1, '13', 'Deluxe'),
(1030, 87, 1, '14', 'Deluxe'),
(1031, 87, 1, '15', 'Deluxe'),
(1032, 87, 1, '16', 'Deluxe'),
(1033, 88, 1, '2', 'Premium'),
(1034, 88, 1, '3', 'Premium'),
(1035, 88, 1, '4', 'Premium'),
(1036, 88, 1, '5', 'Premium'),
(1037, 88, 1, '6', 'Premium'),
(1038, 88, 1, '7', 'Premium'),
(1041, 89, 1, '2', 'Deluxe'),
(1042, 89, 1, '3', 'Deluxe'),
(1043, 89, 1, '4', 'Deluxe'),
(1044, 89, 1, '5', 'Deluxe'),
(1045, 89, 1, '6', 'Deluxe'),
(1046, 89, 1, '7', 'Deluxe'),
(1047, 89, 1, '8', 'Deluxe'),
(1048, 89, 1, '9', 'Deluxe'),
(1049, 89, 1, '10', 'Deluxe'),
(1050, 89, 1, '11', 'Deluxe'),
(1051, 89, 1, '12', 'Deluxe'),
(1052, 89, 1, '13', 'Deluxe'),
(1053, 89, 1, '14', 'Deluxe'),
(1054, 89, 1, '15', 'Deluxe'),
(1055, 89, 1, '16', 'Deluxe'),
(1056, 89, 1, '17', 'Deluxe'),
(1057, 89, 1, '18', 'Deluxe'),
(1058, 89, 1, '19', 'Deluxe'),
(1059, 89, 1, '20', 'Deluxe'),
(1060, 90, 1, '1', 'Standard'),
(1061, 90, 1, '2', 'Standard'),
(1062, 90, 1, '3', 'Standard'),
(1063, 91, 1, '1', 'Standard'),
(1064, 91, 1, '2', 'Standard'),
(1065, 91, 1, '3', 'Standard'),
(1066, 91, 1, '4', 'Standard'),
(1067, 92, 1, '1', 'Standard'),
(1068, 92, 1, '2', 'Standard'),
(1069, 92, 1, '3', 'Standard'),
(1070, 92, 1, '4', 'Standard'),
(1071, 93, 1, '1', 'Deluxe'),
(1072, 93, 1, '2', 'Deluxe'),
(1073, 93, 1, '3', 'Deluxe'),
(1074, 93, 1, '4', 'Deluxe'),
(1075, 94, 1, '2', 'Premium'),
(1076, 94, 1, '3', 'Premium'),
(1077, 94, 1, '4', 'Premium'),
(1078, 94, 1, '5', 'Premium'),
(1079, 94, 1, '6', 'Premium'),
(1080, 94, 1, '7', 'Premium'),
(1081, 94, 1, '8', 'Premium'),
(1082, 94, 1, '9', 'Premium'),
(1083, 94, 1, '10', 'Premium'),
(1084, 94, 1, '11', 'Premium'),
(1085, 94, 1, '12', 'Premium'),
(1086, 94, 1, '13', 'Premium'),
(1087, 94, 1, '14', 'Premium'),
(1088, 94, 1, '15', 'Premium'),
(1089, 94, 1, '16', 'Premium'),
(1090, 94, 1, '1', 'Premium'),
(1091, 95, 1, '1', 'Premium'),
(1092, 95, 1, '2', 'Premium'),
(1093, 95, 1, '3', 'Premium'),
(1094, 95, 1, '4', 'Premium'),
(1095, 95, 1, '5', 'Premium'),
(1096, 95, 1, '6', 'Premium'),
(1097, 95, 1, '7', 'Premium'),
(1098, 95, 1, '8', 'Premium'),
(1099, 95, 1, '9', 'Premium'),
(1100, 95, 1, '10', 'Premium'),
(1101, 95, 1, '11', 'Premium'),
(1102, 95, 1, '12', 'Premium'),
(1103, 95, 1, '13', 'Premium'),
(1104, 95, 1, '14', 'Premium'),
(1105, 95, 1, '15', 'Premium'),
(1106, 95, 1, '16', 'Premium'),
(1107, 96, 1, '1', 'Premium'),
(1108, 96, 1, '2', 'Premium'),
(1109, 96, 1, '3', 'Premium'),
(1110, 96, 1, '4', 'Premium'),
(1111, 96, 1, '5', 'Premium'),
(1112, 96, 1, '6', 'Premium'),
(1113, 96, 1, '7', 'Premium'),
(1114, 96, 1, '8', 'Premium'),
(1115, 96, 1, '9', 'Premium'),
(1116, 96, 1, '10', 'Premium'),
(1117, 96, 1, '11', 'Premium'),
(1118, 96, 1, '12', 'Premium'),
(1119, 96, 1, '13', 'Premium'),
(1120, 96, 1, '14', 'Premium'),
(1121, 96, 1, '15', 'Premium'),
(1122, 96, 1, '16', 'Premium'),
(1123, 97, 1, '1', 'Premium'),
(1124, 97, 1, '2', 'Premium'),
(1125, 97, 1, '3', 'Premium'),
(1126, 97, 1, '4', 'Premium'),
(1127, 97, 1, '5', 'Premium'),
(1128, 97, 1, '6', 'Premium'),
(1129, 97, 1, '7', 'Premium'),
(1130, 97, 1, '8', 'Premium'),
(1131, 97, 1, '9', 'Premium'),
(1132, 97, 1, '10', 'Premium'),
(1133, 97, 1, '11', 'Premium'),
(1134, 97, 1, '12', 'Premium'),
(1135, 97, 1, '13', 'Premium'),
(1136, 97, 1, '14', 'Premium'),
(1137, 98, 1, '1', 'Deluxe'),
(1138, 98, 1, '2', 'Deluxe'),
(1139, 98, 1, '3', 'Deluxe'),
(1140, 98, 1, '4', 'Deluxe'),
(1141, 98, 1, '5', 'Deluxe'),
(1142, 98, 1, '6', 'Deluxe'),
(1143, 98, 1, '7', 'Deluxe'),
(1144, 98, 1, '8', 'Deluxe'),
(1145, 99, 1, '1', 'Deluxe'),
(1146, 99, 1, '2', 'Deluxe'),
(1147, 99, 1, '3', 'Deluxe'),
(1148, 99, 1, '4', 'Deluxe'),
(1149, 100, 1, '1', 'Premium'),
(1150, 100, 1, '2', 'Premium'),
(1151, 100, 1, '3', 'Premium'),
(1152, 100, 1, '4', 'Premium'),
(1153, 100, 1, '5', 'Premium'),
(1154, 100, 1, '6', 'Premium'),
(1155, 100, 1, '7', 'Premium'),
(1156, 100, 1, '8', 'Premium'),
(1157, 100, 1, '9', 'Premium'),
(1158, 100, 1, '10', 'Premium'),
(1159, 100, 1, '11', 'Premium'),
(1160, 100, 1, '12', 'Premium'),
(1161, 100, 1, '13', 'Premium'),
(1162, 100, 1, '14', 'Premium'),
(1163, 100, 1, '15', 'Premium'),
(1164, 100, 1, '16', 'Premium'),
(1165, 100, 1, '17', 'Premium'),
(1166, 100, 1, '18', 'Premium'),
(1167, 101, 1, '1', 'Premium'),
(1168, 101, 1, '2', 'Premium'),
(1169, 101, 1, '3', 'Premium'),
(1170, 101, 1, '4', 'Premium'),
(1171, 101, 1, '5', 'Premium'),
(1172, 101, 1, '6', 'Premium'),
(1173, 101, 1, '7', 'Premium'),
(1174, 101, 1, '8', 'Premium'),
(1175, 101, 1, '9', 'Premium'),
(1176, 101, 1, '10', 'Premium'),
(1177, 101, 1, '11', 'Premium'),
(1178, 101, 1, '12', 'Premium'),
(1179, 101, 1, '13', 'Premium'),
(1180, 101, 1, '14', 'Premium'),
(1181, 101, 1, '15', 'Premium'),
(1182, 101, 1, '16', 'Premium'),
(1183, 102, 1, '1', 'Premium'),
(1184, 102, 1, '2', 'Premium'),
(1185, 102, 1, '3', 'Premium'),
(1186, 102, 1, '4', 'Premium'),
(1187, 102, 1, '5', 'Premium'),
(1188, 102, 1, '6', 'Premium'),
(1189, 102, 1, '7', 'Premium'),
(1190, 102, 1, '8', 'Premium'),
(1191, 102, 1, '9', 'Premium'),
(1192, 102, 1, '10', 'Premium'),
(1193, 102, 1, '11', 'Premium'),
(1194, 102, 1, '12', 'Premium'),
(1195, 102, 1, '13', 'Premium'),
(1196, 102, 1, '14', 'Premium'),
(1197, 102, 1, '15', 'Premium'),
(1198, 102, 1, '16', 'Premium'),
(1199, 103, 1, '1', 'Premium'),
(1200, 103, 1, '2', 'Premium'),
(1201, 103, 1, '3', 'Premium'),
(1202, 103, 1, '4', 'Premium'),
(1203, 103, 1, '5', 'Premium'),
(1204, 103, 1, '6', 'Premium'),
(1205, 103, 1, '7', 'Premium'),
(1206, 103, 1, '8', 'Premium'),
(1207, 103, 1, '9', 'Premium'),
(1208, 103, 1, '10', 'Premium'),
(1209, 103, 1, '11', 'Premium'),
(1210, 103, 1, '12', 'Premium'),
(1211, 103, 1, '13', 'Premium'),
(1212, 103, 1, '14', 'Premium'),
(1213, 103, 1, '15', 'Premium'),
(1214, 103, 1, '16', 'Premium'),
(1215, 103, 1, '17', 'Premium'),
(1216, 104, 1, '1', 'Deluxe'),
(1217, 104, 1, '2', 'Deluxe'),
(1218, 104, 1, '3', 'Deluxe'),
(1219, 104, 1, '4', 'Deluxe'),
(1220, 105, 1, '1', 'Standard'),
(1221, 105, 1, '2', 'Standard'),
(1222, 105, 1, '3', 'Standard'),
(1223, 105, 1, '4', 'Standard'),
(1224, 106, 1, '1', 'Standard'),
(1225, 106, 1, '2', 'Standard'),
(1226, 106, 1, '3', 'Standard'),
(1227, 106, 1, '4', 'Standard'),
(1228, 107, 1, '1', 'Deluxe'),
(1229, 107, 1, '2', 'Deluxe'),
(1230, 107, 1, '3', 'Deluxe'),
(1231, 107, 1, '4', 'Deluxe'),
(1232, 108, 1, '1', 'Premium'),
(1233, 108, 1, '2', 'Premium'),
(1234, 108, 1, '3', 'Premium'),
(1235, 108, 1, '4', 'Premium'),
(1236, 108, 1, '5', 'Premium'),
(1237, 108, 1, '6', 'Premium'),
(1238, 108, 1, '7', 'Premium'),
(1239, 108, 1, '8', 'Premium'),
(1240, 108, 1, '9', 'Premium'),
(1241, 108, 1, '10', 'Premium'),
(1242, 108, 1, '11', 'Premium'),
(1243, 108, 1, '12', 'Premium'),
(1244, 108, 1, '13', 'Premium'),
(1245, 108, 1, '14', 'Premium'),
(1246, 108, 1, '15', 'Premium'),
(1247, 108, 1, '16', 'Premium'),
(1248, 109, 1, '1', 'Premium'),
(1249, 109, 1, '2', 'Premium'),
(1250, 109, 1, '3', 'Premium'),
(1251, 109, 1, '4', 'Premium'),
(1252, 109, 1, '5', 'Premium'),
(1253, 109, 1, '6', 'Premium'),
(1254, 109, 1, '7', 'Premium'),
(1255, 109, 1, '8', 'Premium'),
(1256, 109, 1, '9', 'Premium'),
(1257, 109, 1, '10', 'Premium'),
(1258, 109, 1, '11', 'Premium'),
(1259, 109, 1, '12', 'Premium'),
(1260, 109, 1, '13', 'Premium'),
(1261, 109, 1, '14', 'Premium'),
(1262, 109, 1, '15', 'Premium'),
(1263, 109, 1, '16', 'Premium'),
(1264, 110, 1, '1', 'Premium'),
(1265, 110, 1, '2', 'Premium'),
(1266, 110, 1, '3', 'Premium'),
(1267, 110, 1, '4', 'Premium'),
(1268, 110, 1, '5', 'Premium'),
(1269, 110, 1, '6', 'Premium'),
(1270, 110, 1, '7', 'Premium'),
(1271, 110, 1, '8', 'Premium'),
(1272, 110, 1, '9', 'Premium'),
(1273, 110, 1, '10', 'Premium'),
(1274, 110, 1, '11', 'Premium'),
(1275, 110, 1, '12', 'Premium'),
(1276, 110, 1, '13', 'Premium'),
(1277, 110, 1, '14', 'Premium'),
(1278, 110, 1, '15', 'Premium'),
(1279, 110, 1, '16', 'Premium'),
(1280, 111, 1, '1', 'Premium'),
(1281, 111, 1, '2', 'Premium'),
(1282, 111, 1, '3', 'Premium'),
(1283, 111, 1, '4', 'Premium'),
(1284, 111, 1, '5', 'Premium'),
(1285, 111, 1, '6', 'Premium'),
(1286, 111, 1, '7', 'Premium'),
(1287, 111, 1, '8', 'Premium'),
(1288, 111, 1, '9', 'Premium'),
(1289, 111, 1, '10', 'Premium'),
(1290, 111, 1, '11', 'Premium'),
(1291, 111, 1, '12', 'Premium'),
(1292, 111, 1, '13', 'Premium'),
(1293, 111, 1, '14', 'Premium'),
(1294, 111, 1, '15', 'Premium'),
(1295, 111, 1, '16', 'Premium'),
(1296, 112, 1, '1', 'Premium'),
(1297, 112, 1, '2', 'Premium'),
(1298, 112, 1, '3', 'Premium'),
(1299, 112, 1, '4', 'Premium'),
(1300, 113, 1, '1', 'Deluxe'),
(1301, 113, 1, '2', 'Deluxe'),
(1302, 113, 1, '3', 'Deluxe'),
(1303, 113, 1, '4', 'Deluxe'),
(1304, 114, 1, '1', 'Deluxe'),
(1305, 114, 1, '2', 'Deluxe'),
(1306, 114, 1, '3', 'Deluxe'),
(1307, 114, 1, '4', 'Deluxe'),
(1308, 115, 1, '1', 'Premium'),
(1309, 115, 1, '2', 'Premium'),
(1310, 115, 1, '3', 'Premium'),
(1311, 115, 1, '4', 'Premium'),
(1312, 115, 1, '5', 'Premium'),
(1313, 115, 1, '6', 'Premium'),
(1314, 116, 1, '1', 'Premium'),
(1315, 116, 1, '2', 'Premium'),
(1316, 116, 1, '3', 'Premium'),
(1317, 116, 1, '4', 'Premium'),
(1318, 116, 1, '5', 'Premium'),
(1319, 116, 1, '6', 'Premium'),
(1320, 116, 1, '7', 'Premium'),
(1321, 116, 1, '8', 'Premium'),
(1322, 116, 1, '9', 'Premium'),
(1323, 116, 1, '10', 'Premium'),
(1324, 116, 1, '11', 'Premium'),
(1325, 116, 1, '12', 'Premium'),
(1326, 116, 1, '13', 'Premium'),
(1327, 116, 1, '14', 'Premium'),
(1328, 116, 1, '15', 'Premium'),
(1329, 116, 1, '16', 'Premium'),
(1330, 117, 1, '1', 'Premium'),
(1331, 117, 1, '2', 'Premium'),
(1332, 117, 1, '3', 'Premium'),
(1333, 117, 1, '4', 'Premium'),
(1334, 117, 1, '5', 'Premium'),
(1335, 117, 1, '6', 'Premium'),
(1336, 117, 1, '7', 'Premium'),
(1337, 117, 1, '8', 'Premium'),
(1338, 117, 1, '9', 'Premium'),
(1339, 117, 1, '10', 'Premium'),
(1340, 117, 1, '11', 'Premium'),
(1341, 117, 1, '12', 'Premium'),
(1342, 117, 1, '13', 'Premium'),
(1343, 117, 1, '14', 'Premium'),
(1344, 117, 1, '15', 'Premium'),
(1345, 117, 1, '16', 'Premium'),
(1346, 118, 1, '1', 'Premium'),
(1347, 118, 1, '2', 'Premium'),
(1348, 118, 1, '3', 'Premium'),
(1349, 118, 1, '4', 'Premium'),
(1350, 118, 1, '5', 'Premium'),
(1351, 118, 1, '6', 'Premium'),
(1352, 118, 1, '7', 'Premium'),
(1353, 118, 1, '8', 'Premium'),
(1354, 118, 1, '9', 'Premium'),
(1355, 118, 1, '10', 'Premium'),
(1356, 118, 1, '11', 'Premium'),
(1357, 118, 1, '12', 'Premium'),
(1358, 118, 1, '13', 'Premium'),
(1359, 118, 1, '14', 'Premium'),
(1360, 118, 1, '15', 'Premium'),
(1361, 118, 1, '16', 'Premium'),
(1362, 119, 1, '1', 'Premium'),
(1363, 119, 1, '2', 'Premium'),
(1364, 119, 1, '3', 'Premium'),
(1365, 119, 1, '4', 'Premium'),
(1366, 119, 1, '5', 'Premium'),
(1367, 119, 1, '6', 'Premium'),
(1368, 119, 1, '7', 'Premium'),
(1369, 119, 1, '8', 'Premium'),
(1370, 119, 1, '9', 'Premium'),
(1371, 119, 1, '10', 'Premium'),
(1372, 119, 1, '11', 'Premium'),
(1373, 119, 1, '12', 'Premium'),
(1374, 119, 1, '13', 'Premium'),
(1375, 119, 1, '14', 'Premium'),
(1376, 119, 1, '15', 'Premium'),
(1377, 119, 1, '16', 'Premium'),
(1378, 120, 1, '1', 'Deluxe'),
(1379, 120, 1, '2', 'Deluxe'),
(1380, 120, 1, '3', 'Deluxe'),
(1381, 120, 1, '4', 'Deluxe'),
(1382, 121, 1, '1', 'Standard'),
(1383, 121, 1, '2', 'Standard'),
(1384, 121, 1, '3', 'Standard'),
(1385, 121, 1, '4', 'Standard'),
(1386, 122, 1, '1', 'Standard'),
(1387, 122, 1, '2', 'Standard'),
(1388, 122, 1, '3', 'Standard'),
(1389, 122, 1, '4', 'Standard'),
(1390, 123, 1, '1', 'Deluxe'),
(1391, 123, 1, '2', 'Deluxe'),
(1392, 123, 1, '3', 'Deluxe'),
(1393, 123, 1, '4', 'Deluxe'),
(1394, 124, 1, '2', 'Premium'),
(1395, 124, 1, '3', 'Premium'),
(1396, 124, 1, '4', 'Premium'),
(1397, 124, 1, '5', 'Premium'),
(1398, 124, 1, '6', 'Premium'),
(1399, 124, 1, '7', 'Premium'),
(1400, 124, 1, '8', 'Premium'),
(1401, 124, 1, '9', 'Premium'),
(1402, 124, 1, '10', 'Premium'),
(1403, 124, 1, '11', 'Premium'),
(1404, 124, 1, '12', 'Premium'),
(1405, 124, 1, '13', 'Premium'),
(1406, 124, 1, '14', 'Premium'),
(1407, 124, 1, '15', 'Premium'),
(1408, 124, 1, '16', 'Premium'),
(1409, 125, 1, '2', 'Premium'),
(1410, 125, 1, '3', 'Premium'),
(1411, 125, 1, '4', 'Premium'),
(1412, 125, 1, '5', 'Premium'),
(1413, 125, 1, '6', 'Premium'),
(1414, 125, 1, '7', 'Premium'),
(1415, 125, 1, '8', 'Premium'),
(1416, 125, 1, '9', 'Premium'),
(1417, 125, 1, '10', 'Premium'),
(1418, 125, 1, '11', 'Premium'),
(1419, 125, 1, '12', 'Premium'),
(1420, 125, 1, '13', 'Premium'),
(1421, 125, 1, '14', 'Premium'),
(1422, 125, 1, '15', 'Premium'),
(1423, 125, 1, '16', 'Premium'),
(1424, 126, 1, '2', 'Premium'),
(1425, 126, 1, '3', 'Premium'),
(1426, 126, 1, '4', 'Premium'),
(1427, 126, 1, '5', 'Premium'),
(1428, 126, 1, '6', 'Premium'),
(1429, 126, 1, '7', 'Premium'),
(1430, 126, 1, '8', 'Premium'),
(1431, 126, 1, '9', 'Premium'),
(1432, 126, 1, '10', 'Premium'),
(1433, 126, 1, '11', 'Premium'),
(1434, 126, 1, '12', 'Premium'),
(1435, 126, 1, '13', 'Premium'),
(1436, 126, 1, '14', 'Premium'),
(1437, 126, 1, '15', 'Premium'),
(1438, 126, 1, '16', 'Premium'),
(1439, 124, 1, '1', 'Premium'),
(1440, 125, 1, '1', 'Premium'),
(1441, 126, 1, '1', 'Premium'),
(1442, 127, 1, '1', 'Premium'),
(1443, 127, 1, '2', 'Premium'),
(1444, 127, 1, '3', 'Premium'),
(1445, 127, 1, '4', 'Premium'),
(1446, 127, 1, '5', 'Premium'),
(1447, 127, 1, '6', 'Premium'),
(1448, 127, 1, '7', 'Premium'),
(1449, 127, 1, '8', 'Premium'),
(1450, 127, 1, '9', 'Premium'),
(1451, 127, 1, '10', 'Premium'),
(1452, 127, 1, '11', 'Premium'),
(1453, 127, 1, '12', 'Premium'),
(1454, 127, 1, '13', 'Premium'),
(1455, 127, 1, '14', 'Premium'),
(1456, 127, 1, '15', 'Premium'),
(1457, 127, 1, '16', 'Premium'),
(1458, 128, 1, '1', 'Premium'),
(1459, 128, 1, '2', 'Premium'),
(1460, 128, 1, '3', 'Premium'),
(1461, 128, 1, '4', 'Premium'),
(1462, 128, 1, '5', 'Premium'),
(1463, 128, 1, '6', 'Premium'),
(1464, 128, 1, '7', 'Premium'),
(1465, 128, 1, '8', 'Premium'),
(1466, 129, 1, '1', 'Deluxe'),
(1467, 129, 1, '2', 'Deluxe'),
(1468, 129, 1, '3', 'Deluxe'),
(1469, 129, 1, '4', 'Deluxe'),
(1470, 130, 1, '1', 'Deluxe'),
(1471, 130, 1, '2', 'Deluxe'),
(1472, 130, 1, '3', 'Deluxe'),
(1473, 130, 1, '4', 'Deluxe'),
(1474, 131, 1, '1', 'Premium'),
(1475, 131, 1, '2', 'Premium'),
(1476, 131, 1, '3', 'Premium'),
(1477, 131, 1, '4', 'Premium'),
(1478, 131, 1, '5', 'Premium'),
(1479, 131, 1, '6', 'Premium'),
(1480, 131, 1, '7', 'Premium'),
(1481, 131, 1, '8', 'Premium'),
(1482, 132, 1, '1', 'Premium'),
(1483, 132, 1, '2', 'Premium'),
(1484, 132, 1, '3', 'Premium'),
(1485, 132, 1, '4', 'Premium'),
(1486, 132, 1, '5', 'Premium'),
(1487, 132, 1, '6', 'Premium'),
(1488, 132, 1, '7', 'Premium'),
(1489, 132, 1, '8', 'Premium'),
(1490, 132, 1, '9', 'Premium'),
(1491, 132, 1, '10', 'Premium'),
(1492, 132, 1, '11', 'Premium'),
(1493, 132, 1, '12', 'Premium'),
(1494, 132, 1, '13', 'Premium'),
(1495, 132, 1, '14', 'Premium'),
(1496, 132, 1, '15', 'Premium'),
(1497, 132, 1, '16', 'Premium'),
(1498, 133, 1, '1', 'Premium'),
(1499, 133, 1, '2', 'Premium'),
(1500, 133, 1, '3', 'Premium'),
(1501, 133, 1, '4', 'Premium'),
(1502, 133, 1, '5', 'Premium'),
(1503, 133, 1, '6', 'Premium'),
(1504, 133, 1, '7', 'Premium'),
(1505, 133, 1, '8', 'Premium'),
(1506, 133, 1, '9', 'Premium'),
(1507, 133, 1, '10', 'Premium'),
(1508, 133, 1, '11', 'Premium'),
(1509, 133, 1, '12', 'Premium'),
(1510, 133, 1, '13', 'Premium'),
(1511, 133, 1, '14', 'Premium'),
(1512, 133, 1, '15', 'Premium'),
(1513, 133, 1, '16', 'Premium'),
(1514, 134, 1, '1', 'Premium'),
(1515, 134, 1, '2', 'Premium'),
(1516, 134, 1, '3', 'Premium'),
(1517, 134, 1, '4', 'Premium'),
(1518, 134, 1, '5', 'Premium'),
(1519, 134, 1, '6', 'Premium'),
(1520, 134, 1, '7', 'Premium'),
(1521, 134, 1, '8', 'Premium'),
(1522, 134, 1, '9', 'Premium'),
(1523, 134, 1, '10', 'Premium'),
(1524, 134, 1, '11', 'Premium'),
(1525, 134, 1, '12', 'Premium'),
(1526, 134, 1, '13', 'Premium'),
(1527, 134, 1, '14', 'Premium'),
(1528, 134, 1, '15', 'Premium'),
(1529, 134, 1, '16', 'Premium'),
(1530, 135, 1, '1', 'Premium'),
(1531, 135, 1, '2', 'Premium'),
(1532, 135, 1, '3', 'Premium'),
(1533, 135, 1, '4', 'Premium'),
(1534, 135, 1, '5', 'Premium'),
(1535, 135, 1, '6', 'Premium'),
(1536, 135, 1, '7', 'Premium'),
(1537, 135, 1, '8', 'Premium'),
(1538, 135, 1, '9', 'Premium'),
(1539, 135, 1, '10', 'Premium'),
(1540, 135, 1, '11', 'Premium'),
(1541, 135, 1, '12', 'Premium'),
(1542, 135, 1, '13', 'Premium'),
(1543, 135, 1, '14', 'Premium'),
(1544, 135, 1, '15', 'Premium'),
(1545, 135, 1, '16', 'Premium'),
(1546, 136, 1, '1', 'Deluxe'),
(1547, 136, 1, '2', 'Deluxe'),
(1548, 136, 1, '3', 'Deluxe'),
(1549, 136, 1, '4', 'Deluxe'),
(1550, 137, 1, '1', 'Standard'),
(1551, 137, 1, '2', 'Standard'),
(1552, 137, 1, '3', 'Standard'),
(1553, 137, 1, '4', 'Standard'),
(1554, 138, 1, '1', 'Standard'),
(1555, 138, 1, '2', 'Standard'),
(1556, 138, 1, '3', 'Standard'),
(1557, 138, 1, '4', 'Standard'),
(1558, 139, 1, '1', 'Deluxe'),
(1559, 139, 1, '2', 'Deluxe'),
(1560, 139, 1, '3', 'Deluxe'),
(1561, 139, 1, '4', 'Deluxe'),
(1562, 140, 1, '1', 'Premium'),
(1563, 140, 1, '2', 'Premium'),
(1564, 140, 1, '3', 'Premium'),
(1565, 140, 1, '4', 'Premium'),
(1566, 140, 1, '5', 'Premium'),
(1567, 140, 1, '6', 'Premium'),
(1568, 140, 1, '7', 'Premium'),
(1569, 140, 1, '8', 'Premium'),
(1570, 140, 1, '9', 'Premium'),
(1571, 140, 1, '10', 'Premium'),
(1572, 140, 1, '11', 'Premium'),
(1573, 140, 1, '12', 'Premium'),
(1574, 140, 1, '13', 'Premium'),
(1575, 140, 1, '14', 'Premium'),
(1576, 140, 1, '15', 'Premium'),
(1577, 140, 1, '16', 'Premium'),
(1578, 141, 1, '1', 'Premium'),
(1579, 141, 1, '2', 'Premium'),
(1580, 141, 1, '3', 'Premium'),
(1581, 141, 1, '4', 'Premium'),
(1582, 141, 1, '5', 'Premium'),
(1583, 141, 1, '6', 'Premium'),
(1584, 141, 1, '7', 'Premium'),
(1585, 141, 1, '8', 'Premium'),
(1586, 141, 1, '9', 'Premium'),
(1587, 141, 1, '10', 'Premium'),
(1588, 141, 1, '11', 'Premium'),
(1589, 141, 1, '12', 'Premium'),
(1590, 141, 1, '13', 'Premium'),
(1591, 141, 1, '14', 'Premium'),
(1592, 141, 1, '15', 'Premium'),
(1593, 141, 1, '16', 'Premium'),
(1594, 142, 1, '1', 'Premium'),
(1595, 142, 1, '2', 'Premium'),
(1596, 142, 1, '3', 'Premium'),
(1597, 142, 1, '4', 'Premium'),
(1598, 142, 1, '5', 'Premium'),
(1599, 142, 1, '6', 'Premium'),
(1600, 142, 1, '7', 'Premium'),
(1601, 142, 1, '8', 'Premium'),
(1602, 142, 1, '9', 'Premium'),
(1603, 142, 1, '10', 'Premium'),
(1604, 142, 1, '11', 'Premium'),
(1605, 142, 1, '12', 'Premium'),
(1606, 142, 1, '13', 'Premium'),
(1607, 142, 1, '14', 'Premium'),
(1608, 142, 1, '15', 'Premium'),
(1609, 142, 1, '16', 'Premium'),
(1610, 143, 1, '1', 'Premium'),
(1611, 143, 1, '2', 'Premium'),
(1612, 143, 1, '3', 'Premium'),
(1613, 143, 1, '4', 'Premium'),
(1614, 143, 1, '5', 'Premium'),
(1615, 143, 1, '6', 'Premium'),
(1616, 143, 1, '7', 'Premium'),
(1617, 143, 1, '8', 'Premium'),
(1618, 143, 1, '9', 'Premium'),
(1619, 143, 1, '10', 'Premium'),
(1620, 143, 1, '11', 'Premium'),
(1621, 143, 1, '12', 'Premium'),
(1622, 143, 1, '13', 'Premium'),
(1623, 143, 1, '14', 'Premium'),
(1624, 143, 1, '15', 'Premium'),
(1625, 143, 1, '16', 'Premium'),
(1626, 144, 1, '1', 'Premium'),
(1627, 144, 1, '2', 'Premium'),
(1628, 144, 1, '3', 'Premium'),
(1629, 144, 1, '4', 'Premium'),
(1630, 144, 1, '5', 'Premium'),
(1631, 144, 1, '6', 'Premium'),
(1632, 144, 1, '7', 'Premium'),
(1633, 144, 1, '8', 'Premium'),
(1634, 144, 1, '9', 'Premium'),
(1635, 144, 1, '10', 'Premium'),
(1636, 145, 1, '1', 'Deluxe'),
(1637, 145, 1, '2', 'Deluxe'),
(1638, 145, 1, '3', 'Deluxe'),
(1639, 145, 1, '4', 'Deluxe'),
(1640, 146, 1, '1', 'Deluxe'),
(1641, 146, 1, '2', 'Deluxe'),
(1642, 146, 1, '3', 'Deluxe'),
(1643, 146, 1, '4', 'Deluxe'),
(1644, 146, 1, '5', 'Deluxe'),
(1645, 146, 1, '6', 'Deluxe'),
(1646, 146, 1, '7', 'Deluxe'),
(1647, 146, 1, '8', 'Deluxe'),
(1648, 146, 1, '9', 'Deluxe'),
(1649, 146, 1, '10', 'Deluxe'),
(1650, 146, 1, '11', 'Deluxe'),
(1651, 146, 1, '12', 'Deluxe'),
(1652, 146, 1, '13', 'Deluxe'),
(1653, 146, 1, '14', 'Deluxe'),
(1654, 146, 1, '15', 'Deluxe'),
(1655, 146, 1, '16', 'Deluxe'),
(1656, 146, 1, '17', 'Deluxe'),
(1657, 146, 1, '18', 'Deluxe'),
(1658, 147, 1, '1', 'Deluxe'),
(1659, 147, 1, '2', 'Deluxe'),
(1660, 147, 1, '3', 'Deluxe'),
(1661, 147, 1, '4', 'Deluxe'),
(1662, 147, 1, '5', 'Deluxe'),
(1663, 147, 1, '6', 'Deluxe'),
(1664, 147, 1, '7', 'Deluxe'),
(1665, 147, 1, '8', 'Deluxe'),
(1666, 147, 1, '9', 'Deluxe'),
(1667, 147, 1, '10', 'Deluxe'),
(1668, 147, 1, '11', 'Deluxe'),
(1669, 147, 1, '12', 'Deluxe'),
(1670, 147, 1, '13', 'Deluxe'),
(1671, 147, 1, '14', 'Deluxe'),
(1672, 147, 1, '15', 'Deluxe'),
(1673, 147, 1, '16', 'Deluxe'),
(1674, 148, 1, '1', 'Deluxe'),
(1675, 148, 1, '2', 'Deluxe'),
(1676, 148, 1, '3', 'Deluxe'),
(1677, 148, 1, '4', 'Deluxe'),
(1678, 148, 1, '5', 'Deluxe'),
(1679, 148, 1, '6', 'Deluxe'),
(1680, 148, 1, '7', 'Deluxe'),
(1681, 148, 1, '8', 'Deluxe'),
(1682, 148, 1, '9', 'Deluxe'),
(1683, 148, 1, '10', 'Deluxe'),
(1684, 148, 1, '11', 'Deluxe'),
(1685, 148, 1, '12', 'Deluxe'),
(1686, 148, 1, '13', 'Deluxe'),
(1687, 148, 1, '14', 'Deluxe'),
(1688, 148, 1, '15', 'Deluxe'),
(1689, 148, 1, '16', 'Deluxe'),
(1690, 149, 1, '1', 'Deluxe'),
(1691, 149, 1, '2', 'Deluxe'),
(1692, 149, 1, '3', 'Deluxe'),
(1693, 149, 1, '4', 'Deluxe'),
(1694, 149, 1, '5', 'Deluxe'),
(1695, 149, 1, '6', 'Deluxe'),
(1696, 149, 1, '7', 'Deluxe'),
(1697, 149, 1, '8', 'Deluxe'),
(1698, 149, 1, '9', 'Deluxe'),
(1699, 149, 1, '10', 'Deluxe'),
(1700, 149, 1, '11', 'Deluxe'),
(1701, 149, 1, '12', 'Deluxe'),
(1702, 149, 1, '13', 'Deluxe'),
(1703, 149, 1, '14', 'Deluxe'),
(1704, 149, 1, '15', 'Deluxe'),
(1705, 149, 1, '16', 'Deluxe'),
(1706, 150, 1, '1', 'Deluxe'),
(1707, 150, 1, '2', 'Deluxe'),
(1708, 150, 1, '3', 'Deluxe'),
(1709, 150, 1, '4', 'Deluxe'),
(1710, 150, 1, '5', 'Deluxe'),
(1711, 150, 1, '6', 'Deluxe'),
(1712, 150, 1, '7', 'Deluxe'),
(1713, 150, 1, '8', 'Deluxe'),
(1714, 150, 1, '9', 'Deluxe'),
(1715, 150, 1, '10', 'Deluxe'),
(1716, 150, 1, '11', 'Deluxe'),
(1717, 150, 1, '12', 'Deluxe'),
(1718, 150, 1, '13', 'Deluxe'),
(1719, 150, 1, '14', 'Deluxe'),
(1720, 150, 1, '15', 'Deluxe'),
(1721, 150, 1, '16', 'Deluxe'),
(1722, 151, 1, '1', 'Standard'),
(1723, 151, 1, '2', 'Standard'),
(1724, 151, 1, '3', 'Standard'),
(1725, 151, 1, '4', 'Standard'),
(1726, 81, 1, '1', 'Standard'),
(1727, 82, 1, '1', 'Standard'),
(1728, 83, 1, '1', 'Standard'),
(1729, 84, 1, '1', 'Standard'),
(1730, 85, 1, '1', 'Deluxe'),
(1731, 86, 1, '1', 'Deluxe'),
(1732, 87, 1, '1', 'Deluxe'),
(1733, 89, 1, '1', 'Deluxe'),
(1734, 88, 1, '1', 'Premium'),
(1735, 135, 1, '17', 'Premium');

-- --------------------------------------------------------

--
-- Table structure for table `tbl_sites`
--

CREATE TABLE `tbl_sites` (
  `site_id` int(11) NOT NULL,
  `site_name` varchar(255) NOT NULL,
  `site_sqm2` varchar(255) NOT NULL,
  `total_blocks` varchar(255) NOT NULL,
  `total_lots` varchar(255) NOT NULL
) ENGINE=InnoDB DEFAULT CHARSET=utf8mb4;

--
-- Dumping data for table `tbl_sites`
--

INSERT INTO `tbl_sites` (`site_id`, `site_name`, `site_sqm2`, `total_blocks`, `total_lots`) VALUES
(1, 'Joy Garden', '50sqm', '308', '1726');

--
-- Indexes for dumped tables
--

--
-- Indexes for table `admin_acc`
--
ALTER TABLE `admin_acc`
  ADD PRIMARY KEY (`id`);

--
-- Indexes for table `customers`
--
ALTER TABLE `customers`
  ADD PRIMARY KEY (`customer_id`);

--
-- Indexes for table `deceased_persons`
--
ALTER TABLE `deceased_persons`
  ADD PRIMARY KEY (`deceased_id`);

--
-- Indexes for table `lot_owners`
--
ALTER TABLE `lot_owners`
  ADD PRIMARY KEY (`lot_owner_id`);

--
-- Indexes for table `news_events`
--
ALTER TABLE `news_events`
  ADD PRIMARY KEY (`news_id`);

--
-- Indexes for table `tbl_blocks`
--
ALTER TABLE `tbl_blocks`
  ADD PRIMARY KEY (`block_id`);

--
-- Indexes for table `tbl_lots`
--
ALTER TABLE `tbl_lots`
  ADD PRIMARY KEY (`lot_id`);

--
-- Indexes for table `tbl_sites`
--
ALTER TABLE `tbl_sites`
  ADD PRIMARY KEY (`site_id`);

--
-- AUTO_INCREMENT for dumped tables
--

--
-- AUTO_INCREMENT for table `admin_acc`
--
ALTER TABLE `admin_acc`
  MODIFY `id` int(11) NOT NULL AUTO_INCREMENT, AUTO_INCREMENT=2;

--
-- AUTO_INCREMENT for table `customers`
--
ALTER TABLE `customers`
  MODIFY `customer_id` int(11) NOT NULL AUTO_INCREMENT, AUTO_INCREMENT=6;

--
-- AUTO_INCREMENT for table `deceased_persons`
--
ALTER TABLE `deceased_persons`
  MODIFY `deceased_id` int(11) NOT NULL AUTO_INCREMENT, AUTO_INCREMENT=5;

--
-- AUTO_INCREMENT for table `lot_owners`
--
ALTER TABLE `lot_owners`
  MODIFY `lot_owner_id` int(11) NOT NULL AUTO_INCREMENT, AUTO_INCREMENT=6;

--
-- AUTO_INCREMENT for table `news_events`
--
ALTER TABLE `news_events`
  MODIFY `news_id` int(11) NOT NULL AUTO_INCREMENT, AUTO_INCREMENT=32;

--
-- AUTO_INCREMENT for table `tbl_blocks`
--
ALTER TABLE `tbl_blocks`
  MODIFY `block_id` int(11) NOT NULL AUTO_INCREMENT, AUTO_INCREMENT=310;

--
-- AUTO_INCREMENT for table `tbl_lots`
--
ALTER TABLE `tbl_lots`
  MODIFY `lot_id` int(11) NOT NULL AUTO_INCREMENT, AUTO_INCREMENT=1736;

--
-- AUTO_INCREMENT for table `tbl_sites`
--
ALTER TABLE `tbl_sites`
  MODIFY `site_id` int(11) NOT NULL AUTO_INCREMENT, AUTO_INCREMENT=2;
COMMIT;

/*!40101 SET CHARACTER_SET_CLIENT=@OLD_CHARACTER_SET_CLIENT */;
/*!40101 SET CHARACTER_SET_RESULTS=@OLD_CHARACTER_SET_RESULTS */;
/*!40101 SET COLLATION_CONNECTION=@OLD_COLLATION_CONNECTION */;
