-- phpMyAdmin SQL Dump
-- version 5.1.1
-- https://www.phpmyadmin.net/
--
-- Host: 127.0.0.1
-- Generation Time: Apr 26, 2022 at 04:25 AM
-- Server version: 10.4.22-MariaDB
-- PHP Version: 8.1.1

SET SQL_MODE = "NO_AUTO_VALUE_ON_ZERO";
START TRANSACTION;
SET time_zone = "+00:00";


/*!40101 SET @OLD_CHARACTER_SET_CLIENT=@@CHARACTER_SET_CLIENT */;
/*!40101 SET @OLD_CHARACTER_SET_RESULTS=@@CHARACTER_SET_RESULTS */;
/*!40101 SET @OLD_COLLATION_CONNECTION=@@COLLATION_CONNECTION */;
/*!40101 SET NAMES utf8mb4 */;

--
-- Database: `divinelifedb`
--

-- --------------------------------------------------------

--
-- Table structure for table `admin_acc`
--

CREATE TABLE `admin_acc` (
  `id` int(11) NOT NULL,
  `username` varchar(150) NOT NULL,
  `password` varchar(150) NOT NULL
) ENGINE=InnoDB DEFAULT CHARSET=utf8mb4;

--
-- Dumping data for table `admin_acc`
--

INSERT INTO `admin_acc` (`id`, `username`, `password`) VALUES
(1, 'admin', 'admin');

-- --------------------------------------------------------

--
-- Table structure for table `customers`
--

CREATE TABLE `customers` (
  `customer_id` int(11) NOT NULL,
  `family_name` varchar(255) NOT NULL,
  `first_name` varchar(255) NOT NULL,
  `middle_name` varchar(255) NOT NULL,
  `nickname` varchar(255) NOT NULL,
  `address` varchar(255) NOT NULL,
  `contact` varchar(255) NOT NULL,
  `email` varchar(255) NOT NULL,
  `bday` varchar(255) NOT NULL,
  `gender` varchar(255) NOT NULL,
  `religion` varchar(255) NOT NULL,
  `citizenship` varchar(255) NOT NULL,
  `status` varchar(255) NOT NULL,
  `work` varchar(255) NOT NULL,
  `Date` varchar(255) NOT NULL
) ENGINE=InnoDB DEFAULT CHARSET=utf8mb4;

--
-- Dumping data for table `customers`
--

INSERT INTO `customers` (`customer_id`, `family_name`, `first_name`, `middle_name`, `nickname`, `address`, `contact`, `email`, `bday`, `gender`, `religion`, `citizenship`, `status`, `work`, `Date`) VALUES
(1, 'Merk', 'James', 'Falco', 'asd', 'Block 14 Lot 76 Majada In', '09854216854', 'James@gmail.com', '1999-10-31', 'Male', 'Catholic', 'Filipino', 'Single', 'Self-Employed', ''),
(2, 'Dano', 'Jeff', 'Bite', 'paa', 'Block 14 Lot 76 Majada In', '09232323232', 'jeffdo19@gmail.com', '2022-04-14', 'Male', 'Catholic', 'Filipino', 'Married', 'Self-Employed', ''),
(3, 'Oladipo', 'Levi', 'Ackerman', '', 'wall maria', '09554642170', 'Levi@gmail.com', '2022-04-06', 'Male', 'Catholic', 'Merleyan', 'Single', 'Private Employee', ''),
(4, 'xcc', 'ccc', 'cxz', 'asd', 'eqwe', '09959391412', 'xcc@gmail.com', '2022-04-05', 'Male', 'Catholic', 'Filipino', 'Single', 'Private Employee', ''),
(5, 'rrr', 'rrr', 'rr', 'rr', 'jkkj', '09532121464', 'xxx@gmail.com', '2022-04-06', 'Male', 'Catholic', 'Filipino', 'Single', 'Private Employee', '2022-04-21');

-- --------------------------------------------------------

--
-- Table structure for table `deceased_persons`
--

CREATE TABLE `deceased_persons` (
  `deceased_id` int(11) NOT NULL,
  `lot_owner_id` int(11) NOT NULL,
  `customer_id` int(11) NOT NULL,
  `site_id` int(11) NOT NULL,
  `block_id` int(11) NOT NULL,
  `lot_id` int(11) NOT NULL,
  `dead_family_name` varchar(255) NOT NULL,
  `dead_fname` varchar(255) NOT NULL,
  `dead_mname` varchar(255) NOT NULL,
  `dead_gender` varchar(255) NOT NULL,
  `dead_citizenship` varchar(255) NOT NULL,
  `dead_civil_status` varchar(255) NOT NULL,
  `dead_relative` varchar(255) NOT NULL,
  `dead_relative_surname` varchar(255) NOT NULL,
  `dead_relationship` varchar(255) NOT NULL,
  `internment_date` varchar(255) NOT NULL,
  `date_of_birth` varchar(255) NOT NULL,
  `date_of_death` varchar(255) NOT NULL,
  `death_cert` varchar(255) NOT NULL,
  `burial_permit` varchar(255) NOT NULL
) ENGINE=InnoDB DEFAULT CHARSET=utf8mb4;

--
-- Dumping data for table `deceased_persons`
--

INSERT INTO `deceased_persons` (`deceased_id`, `lot_owner_id`, `customer_id`, `site_id`, `block_id`, `lot_id`, `dead_family_name`, `dead_fname`, `dead_mname`, `dead_gender`, `dead_citizenship`, `dead_civil_status`, `dead_relative`, `dead_relative_surname`, `dead_relationship`, `internment_date`, `date_of_birth`, `date_of_death`, `death_cert`, `burial_permit`) VALUES
(1, 2, 2, 1, 1, 2, 'Yeager', 'Eren', 'Tatakae', 'Male', 'Filipino', 'Single', 'Jeff', 'Dano', 'Father', '2022-04-20', '2022-04-21', '2022-04-21', 'Eren_Yeager_1649350636.jpg', 'Eren_Yeager_1649350636.jpg'),
(2, 1, 1, 1, 1, 3, 'Braun', 'Reiner', '', 'Male', 'Filipino', 'Single', 'Rico', 'Guinanao', 'Grandparent', '2022-04-12', '2022-04-19', '2022-04-11', 'Reiner_Braun_1649423530.png', 'Reiner_Braun_1649423530.png'),
(3, 3, 3, 1, 4, 42, 'Oladipo', 'Marco', 'blits', 'Male', 'Filipino', 'Single', 'Levi', 'Oladipo', 'Child', '2022-04-14', '2022-04-06', '2022-04-17', 'Marco_Oladipo_1649722440.png', 'Marco_Oladipo_1649722440.png'),
(4, 5, 2, 1, 3, 17, 'dano', 'jeff', 'gomba', 'Male', 'Filipino', 'Single', 'Jeff', 'Dano', 'Child', '2022-04-23', '2022-04-11', '2022-04-11', 'jeff_dano_1650593242.jpg', 'jeff_dano_1650593242.jpg');

-- --------------------------------------------------------

--
-- Table structure for table `lot_owners`
--

CREATE TABLE `lot_owners` (
  `lot_owner_id` int(11) NOT NULL,
  `customer_id` int(11) NOT NULL,
  `site_id` int(11) NOT NULL,
  `block_id` int(11) NOT NULL,
  `lot_id` int(11) NOT NULL,
  `deed_of_sale` varchar(255) NOT NULL
) ENGINE=InnoDB DEFAULT CHARSET=utf8mb4;

--
-- Dumping data for table `lot_owners`
--

INSERT INTO `lot_owners` (`lot_owner_id`, `customer_id`, `site_id`, `block_id`, `lot_id`, `deed_of_sale`) VALUES
(1, 1, 1, 1, 3, 'Rico Estribo Guinanao_1649350172.jpg'),
(2, 2, 1, 1, 2, 'Jeff Bite Dano_1649350574.jpg'),
(3, 3, 1, 4, 42, 'Levi Ackerman Oladipo_1649722384.png'),
(4, 1, 1, 1, 6, 'James Falco Merk_1649812918.png'),
(5, 2, 1, 3, 17, 'Jeff Bite Dano_1650593195.jpg'),
(6, 5, 1, 84, 985, 'rrr rr rrr_1650684093.jpg');

-- --------------------------------------------------------

--
-- Table structure for table `news_events`
--

CREATE TABLE `news_events` (
  `news_id` int(11) NOT NULL,
  `news_title` varchar(50) NOT NULL,
  `news_subtitle` varchar(50) NOT NULL,
  `news_description` varchar(250) NOT NULL,
  `news_date` varchar(150) NOT NULL,
  `news_img` varchar(255) NOT NULL
) ENGINE=InnoDB DEFAULT CHARSET=utf8mb4;

--
-- Dumping data for table `news_events`
--

INSERT INTO `news_events` (`news_id`, `news_title`, `news_subtitle`, `news_description`, `news_date`, `news_img`) VALUES
(29, 'Memorial Day', 'World Peace', 'There is no greater sacrifice than those who gave their lives to protect us. We honor all veterans who died protecting our country -- and those they left behind. ', '2022-04-19', '1650244769.jpg'),
(30, 'In Times Like These, Learn What Matters Most.', 'Plan Ahead to Protect the Ones You Love', 'These times have shown us that life does not come with a guarantee. We hold on tight to those we hold dear and we\'ve learned to take nothing for granted.', '2022-04-25', '1650245217.jpg'),
(31, 'Why Visitation Matters', 'Divine Life Memorial Park', 'Post-death rituals were once culturally significant, and there\'s strong evidence to suggest that a visitation can be psychologically beneficial.', '2022-04-27', '1650245615.jpg');

-- --------------------------------------------------------

--
-- Table structure for table `slideshow`
--

CREATE TABLE `slideshow` (
  `slideshow_id` int(11) NOT NULL,
  `type` varchar(255) NOT NULL,
  `what` longtext NOT NULL,
  `when` varchar(255) NOT NULL,
  `where` varchar(255) NOT NULL,
  `who` varchar(255) NOT NULL,
  `banner_image` varchar(255) NOT NULL
) ENGINE=InnoDB DEFAULT CHARSET=utf8mb4;

--
-- Dumping data for table `slideshow`
--

INSERT INTO `slideshow` (`slideshow_id`, `type`, `what`, `when`, `where`, `who`, `banner_image`) VALUES
(1, 'Banner', 'N/A', 'N/A', 'N/A', 'N/A', '1650938782.jpg');

-- --------------------------------------------------------

--
-- Table structure for table `tbl_blocks`
--

CREATE TABLE `tbl_blocks` (
  `block_id` int(11) NOT NULL,
  `site_id` int(11) NOT NULL,
  `block_name` varchar(255) NOT NULL,
  `sector` varchar(255) NOT NULL,
  `total_lots` varchar(255) NOT NULL
) ENGINE=InnoDB DEFAULT CHARSET=utf8mb4;

--
-- Dumping data for table `tbl_blocks`
--

INSERT INTO `tbl_blocks` (`block_id`, `site_id`, `block_name`, `sector`, `total_lots`) VALUES
(1, 1, '1', 'A', '6'),
(2, 1, '2', 'A', '6'),
(3, 1, '3', 'A', '14'),
(4, 1, '4', 'A', '16'),
(5, 1, '5', 'A', '16'),
(6, 1, '6', 'A', '16'),
(7, 1, '7', 'A', '16'),
(8, 1, '8', 'A', '5'),
(9, 1, '9', 'A', '7'),
(10, 1, '10', 'A', '8'),
(11, 1, '11', 'A', '8'),
(12, 1, '12', 'A', '8'),
(13, 1, '13', 'A', '7'),
(14, 1, '14', 'A', '4'),
(15, 1, '15', 'A', '7'),
(16, 1, '16', 'A', '16'),
(17, 1, '17', 'A', '16'),
(18, 1, '18', 'A', '16'),
(19, 1, '19', 'A', '16'),
(20, 1, '20', 'A', '16'),
(21, 1, '21', 'A', '6'),
(22, 1, '22', 'A', '6'),
(23, 1, '23', 'A', '18'),
(24, 1, '24', 'A', '16'),
(25, 1, '25', 'A', '16'),
(26, 1, '26', 'A', '14'),
(27, 1, '27', 'A', '17'),
(28, 1, '28', 'A', '4'),
(29, 1, '29', 'A', '4'),
(30, 1, '30', 'A', '4'),
(31, 1, '31', 'A', '4'),
(32, 1, '32', 'A', '18'),
(33, 1, '33', 'A', '16'),
(34, 1, '34', 'A', '16'),
(35, 1, '35', 'A', '16'),
(36, 1, '36', 'A', '16'),
(37, 1, '37', 'A', '4'),
(38, 1, '38', 'A', '4'),
(39, 1, '39', 'A', '16'),
(40, 1, '40', 'A', '16'),
(41, 1, '41', 'A', '16'),
(42, 1, '42', 'A', '16'),
(43, 1, '43', 'A', '20'),
(44, 1, '44', 'A', '4'),
(45, 1, '45', 'A', '4'),
(46, 1, '46', 'A', '4'),
(47, 1, '47', 'A', '4'),
(48, 1, '48', 'A', '5'),
(49, 1, '49', 'A', '16'),
(50, 1, '50', 'A', '16'),
(51, 1, '51', 'A', '16'),
(52, 1, '52', 'A', '16'),
(53, 1, '53', 'A', '16'),
(54, 1, '54', 'A', '4'),
(55, 1, '55', 'A', '4'),
(56, 1, '56', 'A', '16'),
(57, 1, '57', 'A', '16'),
(58, 1, '58', 'A', '16'),
(59, 1, '59', 'A', '16'),
(60, 1, '60', 'A', '16'),
(61, 1, '61', 'A', '10'),
(62, 1, '62', 'A', '5'),
(63, 1, '63', 'A', '4'),
(64, 1, '64', 'A', '5'),
(65, 1, '65', 'A', '11'),
(66, 1, '66', 'A', '16'),
(67, 1, '67', 'A', '16'),
(68, 1, '68', 'A', '16'),
(69, 1, '69', 'A', '16'),
(70, 1, '70', 'A', '16'),
(71, 1, '71', 'A', '4'),
(72, 1, '72', 'A', '16'),
(73, 1, '73', 'A', '16'),
(74, 1, '74', 'A', '16'),
(75, 1, '75', 'A', '16'),
(76, 1, '76', 'A', '16'),
(77, 1, '77', 'A', '17'),
(78, 1, '5', 'C', '0'),
(80, 1, '1', 'B', '18'),
(81, 1, '2', 'B', '16'),
(82, 1, '3', 'B', '16'),
(83, 1, '4', 'B', '10'),
(84, 1, '5', 'B', '12'),
(85, 1, '6', 'B', '16'),
(86, 1, '7', 'B', '16'),
(87, 1, '8', 'B', '16'),
(88, 1, '9', 'B', '7'),
(89, 1, '10', 'B', '20'),
(90, 1, '11', 'B', '3'),
(91, 1, '12', 'B', '4'),
(92, 1, '13', 'B', '4'),
(93, 1, '14', 'B', '4'),
(94, 1, '15', 'B', '16'),
(95, 1, '16', 'B', '16'),
(96, 1, '17', 'B', '16'),
(97, 1, '18', 'B', '14'),
(98, 1, '19', 'B', '8'),
(99, 1, '20', 'B', '4'),
(100, 1, '21', 'B', '18'),
(101, 1, '22', 'B', '16'),
(102, 1, '23', 'B', '16'),
(103, 1, '24', 'B', '17'),
(104, 1, '25', 'B', '4'),
(105, 1, '26', 'B', '4'),
(106, 1, '27', 'B', '4'),
(107, 1, '28', 'B', '4'),
(108, 1, '29', 'B', '16'),
(109, 1, '30', 'B', '16'),
(110, 1, '31', 'B', '16'),
(111, 1, '32', 'B', '16'),
(112, 1, '33', 'B', '4'),
(113, 1, '34', 'B', '4'),
(114, 1, '35', 'B', '4'),
(115, 1, '36', 'B', '6'),
(116, 1, '37', 'B', '16'),
(117, 1, '38', 'B', '16'),
(118, 1, '39', 'B', '16'),
(119, 1, '40', 'B', '16'),
(120, 1, '41', 'B', '4'),
(121, 1, '42', 'B', '4'),
(122, 1, '43', 'B', '4'),
(123, 1, '44', 'B', '4'),
(124, 1, '45', 'B', '16'),
(125, 1, '46', 'B', '16'),
(126, 1, '47', 'B', '16'),
(127, 1, '48', 'B', '16'),
(128, 1, '49', 'B', '8'),
(129, 1, '50', 'B', '4'),
(130, 1, '51', 'B', '4'),
(131, 1, '52', 'B', '8'),
(132, 1, '53', 'B', '16'),
(133, 1, '54', 'B', '16'),
(134, 1, '55', 'B', '16'),
(135, 1, '56', 'B', '17'),
(136, 1, '57', 'B', '4'),
(137, 1, '58', 'B', '4'),
(138, 1, '59', 'B', '4'),
(139, 1, '60', 'B', '4'),
(140, 1, '61', 'B', '16'),
(141, 1, '62', 'B', '16'),
(142, 1, '63', 'B', '16'),
(143, 1, '64', 'B', '16'),
(144, 1, '65', 'B', '10'),
(145, 1, '66', 'B', '4'),
(146, 1, '67', 'B', '18'),
(147, 1, '68', 'B', '16'),
(148, 1, '69', 'B', '16'),
(149, 1, '70', 'B', '16'),
(150, 1, '71', 'B', '16'),
(151, 1, '72', 'B', '4'),
(152, 1, '1', 'C', '13'),
(153, 1, '2', 'C', '4'),
(154, 1, '3', 'C', '11'),
(155, 1, '4', 'C', '6'),
(156, 1, '5', 'C', '16'),
(157, 1, '6', 'C', '16'),
(158, 1, '7', 'C', '9'),
(159, 1, '8', 'C', '10'),
(160, 1, '9', 'C', '3'),
(161, 1, '10', 'C', '19'),
(162, 1, '11', 'C', '16'),
(163, 1, '12', 'C', '16'),
(164, 1, '13', 'C', '6'),
(165, 1, '14', 'C', '20'),
(166, 1, '15', 'C', '9'),
(167, 1, '16', 'C', '4'),
(168, 1, '17', 'C', '4'),
(169, 1, '18', 'C', '4'),
(170, 1, '19', 'C', '4'),
(171, 1, '20', 'C', '8'),
(172, 1, '21', 'C', '16'),
(173, 1, '22', 'C', '16'),
(174, 1, '23', 'C', '16'),
(175, 1, '24', 'C', '9'),
(176, 1, '25', 'C', '3'),
(177, 1, '26', 'C', '8'),
(178, 1, '27', 'C', '4'),
(179, 1, '28', 'C', '4'),
(180, 1, '29', 'C', '16'),
(181, 1, '30', 'C', '16'),
(182, 1, '31', 'C', '16'),
(183, 1, '32', 'C', '16'),
(184, 1, '33', 'C', '14'),
(185, 1, '34', 'C', '4'),
(186, 1, '35', 'C', '4'),
(187, 1, '36', 'C', '4'),
(188, 1, '37', 'C', '4'),
(189, 1, '38', 'C', '14'),
(190, 1, '39', 'C', '16'),
(191, 1, '40', 'C', '16'),
(192, 1, '41', 'C', '16'),
(193, 1, '42', 'C', '16'),
(194, 1, '43', 'C', '4'),
(195, 1, '44', 'C', '4'),
(196, 1, '45', 'C', '4'),
(197, 1, '46', 'C', '4'),
(198, 1, '47', 'C', '16'),
(199, 1, '48', 'C', '16'),
(200, 1, '49', 'C', '16'),
(201, 1, '50', 'C', '16'),
(202, 1, '51', 'C', '14'),
(203, 1, '52', 'C', '4'),
(204, 1, '53', 'C', '4'),
(205, 1, '54', 'C', '4'),
(206, 1, '55', 'C', '4'),
(207, 1, '56', 'C', '14'),
(208, 1, '57', 'C', '16'),
(209, 1, '58', 'C', '16'),
(210, 1, '59', 'C', '16'),
(211, 1, '60', 'C', '16'),
(212, 1, '61', 'C', '4'),
(213, 1, '62', 'C', '4'),
(214, 1, '63', 'C', '4'),
(215, 1, '64', 'C', '4'),
(216, 1, '65', 'C', '16'),
(217, 1, '66', 'C', '16'),
(218, 1, '67', 'C', '16'),
(219, 1, '68', 'C', '16'),
(220, 1, '69', 'C', '14'),
(221, 1, '70', 'C', '4'),
(222, 1, '71', 'C', '4'),
(223, 1, '72', 'C', '12'),
(224, 1, '73', 'C', '16'),
(225, 1, '74', 'C', '16'),
(226, 1, '75', 'C', '16'),
(227, 1, '76', 'C', '16'),
(228, 1, '77', 'C', '16'),
(229, 1, '1', 'D', '6'),
(230, 1, '2', 'D', '14'),
(231, 1, '3', 'D', '16'),
(232, 1, '4', 'D', '16'),
(233, 1, '5', 'D', '16'),
(234, 1, '6', 'D', '16'),
(235, 1, '7', 'D', '6'),
(236, 1, '8', 'D', '6'),
(237, 1, '9', 'D', '8'),
(238, 1, '10', 'D', '8'),
(239, 1, '11', 'D', '8'),
(240, 1, '12', 'D', '8'),
(241, 1, '13', 'D', '7'),
(242, 1, '14', 'D', '4'),
(243, 1, '15', 'D', '4'),
(244, 1, '16', 'D', '4'),
(245, 1, '17', 'D', '14'),
(246, 1, '18', 'D', '16'),
(247, 1, '19', 'D', '16'),
(248, 1, '20', 'D', '16'),
(249, 1, '21', 'D', '16'),
(250, 1, '22', 'D', '4'),
(251, 1, '23', 'D', '4'),
(252, 1, '24', 'D', '4'),
(253, 1, '25', 'D', '4'),
(254, 1, '26', 'D', '16'),
(255, 1, '27', 'D', '16'),
(256, 1, '28', 'D', '16'),
(257, 1, '29', 'D', '16'),
(258, 1, '30', 'D', '14'),
(259, 1, '31', 'D', '4'),
(260, 1, '32', 'D', '4'),
(261, 1, '33', 'D', '4'),
(262, 1, '34', 'D', '4'),
(263, 1, '35', 'D', '14'),
(264, 1, '36', 'D', '16'),
(265, 1, '37', 'D', '16'),
(266, 1, '38', 'D', '16'),
(267, 1, '39', 'D', '16'),
(268, 1, '40', 'D', '4'),
(269, 1, '41', 'D', '4'),
(270, 1, '42', 'D', '4'),
(271, 1, '43', 'D', '4'),
(272, 1, '44', 'D', '16'),
(273, 1, '45', 'D', '16'),
(274, 1, '46', 'D', '16'),
(275, 1, '47', 'D', '16'),
(276, 1, '48', 'D', '14'),
(277, 1, '49', 'D', '4'),
(278, 1, '50', 'D', '4'),
(279, 1, '51', 'D', '4'),
(280, 1, '52', 'D', '4'),
(281, 1, '53', 'D', '14'),
(282, 1, '54', 'D', '16'),
(283, 1, '55', 'D', '16'),
(284, 1, '56', 'D', '16'),
(285, 1, '57', 'D', '16'),
(286, 1, '58', 'D', '4'),
(287, 1, '59', 'D', '4'),
(288, 1, '60', 'D', '4'),
(289, 1, '61', 'D', '4'),
(290, 1, '62', 'D', '16'),
(291, 1, '63', 'D', '16'),
(292, 1, '64', 'D', '16'),
(293, 1, '65', 'D', '16'),
(294, 1, '66', 'D', '14'),
(295, 1, '67', 'D', '4'),
(296, 1, '68', 'D', '4'),
(297, 1, '69', 'D', '4'),
(298, 1, '70', 'D', '18'),
(299, 1, '71', 'D', '16'),
(300, 1, '72', 'D', '16'),
(301, 1, '73', 'D', '16'),
(302, 1, '74', 'D', '18'),
(303, 1, '75', 'D', '6'),
(304, 1, '76', 'D', '19'),
(305, 1, '77', 'D', '16'),
(306, 1, '78', 'D', '16'),
(307, 1, '79', 'D', '16'),
(308, 1, '80', 'D', '14'),
(309, 1, '81', 'D', '8');

-- --------------------------------------------------------

--
-- Table structure for table `tbl_lots`
--

CREATE TABLE `tbl_lots` (
  `lot_id` int(11) NOT NULL,
  `block_id` int(11) NOT NULL,
  `site_id` int(11) NOT NULL,
  `lot_name` varchar(255) NOT NULL,
  `lawn_type` varchar(255) NOT NULL
) ENGINE=InnoDB DEFAULT CHARSET=utf8mb4;

--
-- Dumping data for table `tbl_lots`
--

INSERT INTO `tbl_lots` (`lot_id`, `block_id`, `site_id`, `lot_name`, `lawn_type`) VALUES
(1, 1, 1, '1', 'Standard'),
(2, 1, 1, '2', 'Standard'),
(3, 1, 1, '3', 'Standard'),
(4, 1, 1, '4', 'Standard'),
(5, 1, 1, '5', 'Standard'),
(6, 1, 1, '6', 'Standard'),
(7, 2, 1, '1', 'Deluxe'),
(8, 2, 1, '2', 'Deluxe'),
(9, 2, 1, '3', 'Deluxe'),
(10, 2, 1, '4', 'Deluxe'),
(11, 2, 1, '5', 'Deluxe'),
(12, 2, 1, '6', 'Deluxe'),
(13, 3, 1, '1', 'Deluxe'),
(14, 3, 1, '2', 'Deluxe'),
(15, 3, 1, '3', 'Deluxe'),
(16, 3, 1, '4', 'Deluxe'),
(17, 3, 1, '5', 'Deluxe'),
(18, 3, 1, '6', 'Deluxe'),
(19, 3, 1, '7', 'Deluxe'),
(20, 3, 1, '8', 'Deluxe'),
(21, 3, 1, '9', 'Deluxe'),
(22, 3, 1, '10', 'Deluxe'),
(23, 3, 1, '11', 'Deluxe'),
(24, 3, 1, '12', 'Deluxe'),
(25, 3, 1, '13', 'Deluxe'),
(26, 3, 1, '14', 'Deluxe'),
(27, 4, 1, '1', 'Deluxe'),
(28, 4, 1, '2', 'Deluxe'),
(29, 4, 1, '3', 'Deluxe'),
(30, 4, 1, '4', 'Deluxe'),
(31, 4, 1, '5', 'Deluxe'),
(32, 4, 1, '6', 'Deluxe'),
(33, 4, 1, '7', 'Deluxe'),
(34, 4, 1, '8', 'Deluxe'),
(35, 4, 1, '9', 'Deluxe'),
(36, 4, 1, '10', 'Deluxe'),
(37, 4, 1, '11', 'Deluxe'),
(38, 4, 1, '12', 'Deluxe'),
(39, 4, 1, '13', 'Deluxe'),
(40, 4, 1, '14', 'Deluxe'),
(41, 4, 1, '15', 'Deluxe'),
(42, 4, 1, '16', 'Deluxe'),
(43, 5, 1, '1', 'Deluxe'),
(44, 5, 1, '2', 'Deluxe'),
(45, 5, 1, '3', 'Deluxe'),
(46, 5, 1, '4', 'Deluxe'),
(47, 5, 1, '5', 'Deluxe'),
(48, 5, 1, '6', 'Deluxe'),
(49, 5, 1, '7', 'Deluxe'),
(50, 5, 1, '8', 'Deluxe'),
(51, 5, 1, '9', 'Deluxe'),
(52, 5, 1, '10', 'Deluxe'),
(53, 5, 1, '11', 'Deluxe'),
(54, 5, 1, '12', 'Deluxe'),
(55, 5, 1, '13', 'Deluxe'),
(56, 5, 1, '14', 'Deluxe'),
(57, 5, 1, '15', 'Deluxe'),
(58, 5, 1, '16', 'Deluxe'),
(59, 6, 1, '1', 'Deluxe'),
(60, 6, 1, '2', 'Deluxe'),
(61, 6, 1, '3', 'Deluxe'),
(62, 6, 1, '4', 'Deluxe'),
(63, 6, 1, '5', 'Deluxe'),
(64, 6, 1, '6', 'Deluxe'),
(65, 6, 1, '7', 'Deluxe'),
(66, 6, 1, '8', 'Deluxe'),
(67, 6, 1, '9', 'Deluxe'),
(68, 6, 1, '10', 'Deluxe'),
(69, 6, 1, '11', 'Deluxe'),
(70, 6, 1, '12', 'Deluxe'),
(71, 6, 1, '13', 'Deluxe'),
(72, 6, 1, '14', 'Deluxe'),
(73, 6, 1, '15', 'Deluxe'),
(74, 6, 1, '16', 'Deluxe'),
(75, 7, 1, '1', 'Deluxe'),
(76, 7, 1, '2', 'Deluxe'),
(77, 7, 1, '3', 'Deluxe'),
(78, 7, 1, '4', 'Deluxe'),
(79, 7, 1, '5', 'Deluxe'),
(80, 7, 1, '6', 'Deluxe'),
(81, 7, 1, '7', 'Deluxe'),
(82, 7, 1, '8', 'Deluxe'),
(83, 7, 1, '9', 'Deluxe'),
(84, 7, 1, '10', 'Deluxe'),
(85, 7, 1, '11', 'Deluxe'),
(86, 7, 1, '12', 'Deluxe'),
(87, 7, 1, '13', 'Deluxe'),
(88, 7, 1, '14', 'Deluxe'),
(89, 7, 1, '15', 'Deluxe'),
(90, 7, 1, '16', 'Deluxe'),
(91, 8, 1, '1', 'Deluxe'),
(92, 8, 1, '2', 'Deluxe'),
(93, 8, 1, '3', 'Deluxe'),
(94, 8, 1, '4', 'Deluxe'),
(95, 8, 1, '8', 'Deluxe'),
(96, 9, 1, '1', 'Premium'),
(97, 9, 1, '2', 'Premium'),
(98, 9, 1, '3', 'Premium'),
(99, 9, 1, '4', 'Premium'),
(100, 9, 1, '5', 'Premium'),
(101, 9, 1, '6', 'Premium'),
(102, 9, 1, '7', 'Premium'),
(103, 10, 1, '1', 'Premium'),
(104, 10, 1, '2', 'Premium'),
(105, 10, 1, '3', 'Premium'),
(106, 10, 1, '4', 'Premium'),
(107, 10, 1, '5', 'Premium'),
(108, 10, 1, '6', 'Premium'),
(109, 10, 1, '7', 'Premium'),
(110, 10, 1, '8', 'Premium'),
(111, 11, 1, '1', 'Premium'),
(112, 11, 1, '2', 'Premium'),
(113, 11, 1, '3', 'Premium'),
(114, 11, 1, '4', 'Premium'),
(115, 11, 1, '5', 'Premium'),
(116, 11, 1, '6', 'Premium'),
(117, 11, 1, '7', 'Premium'),
(118, 11, 1, '8', 'Premium'),
(119, 12, 1, '1', 'Premium'),
(120, 12, 1, '2', 'Premium'),
(121, 12, 1, '3', 'Premium'),
(122, 12, 1, '4', 'Premium'),
(123, 12, 1, '5', 'Premium'),
(124, 12, 1, '6', 'Premium'),
(125, 12, 1, '7', 'Premium'),
(126, 12, 1, '8', 'Premium'),
(127, 13, 1, '1', 'Premium'),
(128, 13, 1, '2', 'Premium'),
(129, 13, 1, '3', 'Premium'),
(130, 13, 1, '4', 'Premium'),
(131, 13, 1, '5', 'Premium'),
(132, 13, 1, '6', 'Premium'),
(133, 13, 1, '7', 'Premium'),
(134, 14, 1, '1', 'Standard'),
(135, 14, 1, '2', 'Standard'),
(136, 14, 1, '3', 'Standard'),
(137, 14, 1, '4', 'Standard'),
(138, 15, 1, '1', 'Deluxe'),
(139, 15, 1, '2', 'Deluxe'),
(140, 15, 1, '3', 'Deluxe'),
(141, 15, 1, '4', 'Deluxe'),
(142, 15, 1, '5', 'Deluxe'),
(143, 15, 1, '6', 'Deluxe'),
(144, 15, 1, '7', 'Deluxe'),
(145, 16, 1, '1', 'Premium'),
(146, 16, 1, '2', 'Premium'),
(147, 16, 1, '3', 'Premium'),
(148, 16, 1, '4', 'Premium'),
(149, 16, 1, '5', 'Premium'),
(150, 16, 1, '6', 'Premium'),
(151, 16, 1, '7', 'Premium'),
(152, 16, 1, '8', 'Premium'),
(153, 16, 1, '9', 'Premium'),
(154, 16, 1, '10', 'Premium'),
(155, 16, 1, '11', 'Premium'),
(156, 16, 1, '12', 'Premium'),
(157, 16, 1, '13', 'Premium'),
(158, 16, 1, '14', 'Premium'),
(159, 16, 1, '15', 'Premium'),
(160, 16, 1, '16', 'Premium'),
(161, 17, 1, '1', 'Premium'),
(162, 17, 1, '2', 'Premium'),
(163, 17, 1, '3', 'Premium'),
(164, 17, 1, '4', 'Premium'),
(165, 17, 1, '5', 'Premium'),
(166, 17, 1, '6', 'Premium'),
(167, 17, 1, '7', 'Premium'),
(168, 17, 1, '8', 'Premium'),
(169, 17, 1, '9', 'Premium'),
(170, 17, 1, '10', 'Premium'),
(171, 17, 1, '11', 'Premium'),
(172, 17, 1, '12', 'Premium'),
(173, 17, 1, '13', 'Premium'),
(174, 17, 1, '14', 'Premium'),
(175, 17, 1, '15', 'Premium'),
(176, 17, 1, '16', 'Premium'),
(177, 18, 1, '1', 'Premium'),
(178, 18, 1, '2', 'Premium'),
(179, 18, 1, '3', 'Premium'),
(180, 18, 1, '4', 'Premium'),
(181, 18, 1, '5', 'Premium'),
(182, 18, 1, '6', 'Premium'),
(183, 18, 1, '7', 'Premium'),
(184, 18, 1, '8', 'Premium'),
(185, 18, 1, '9', 'Premium'),
(186, 18, 1, '10', 'Premium'),
(187, 18, 1, '11', 'Premium'),
(188, 18, 1, '12', 'Premium'),
(189, 18, 1, '13', 'Premium'),
(190, 18, 1, '14', 'Premium'),
(191, 18, 1, '15', 'Premium'),
(192, 18, 1, '16', 'Premium'),
(193, 19, 1, '1', 'Premium'),
(194, 19, 1, '2', 'Premium'),
(195, 19, 1, '3', 'Premium'),
(196, 19, 1, '4', 'Premium'),
(197, 19, 1, '5', 'Premium'),
(198, 19, 1, '6', 'Premium'),
(199, 19, 1, '7', 'Premium'),
(200, 19, 1, '8', 'Premium'),
(201, 19, 1, '9', 'Premium'),
(202, 19, 1, '10', 'Premium'),
(203, 19, 1, '11', 'Premium'),
(204, 19, 1, '12', 'Premium'),
(205, 19, 1, '13', 'Premium'),
(206, 19, 1, '14', 'Premium'),
(207, 19, 1, '15', 'Premium'),
(208, 19, 1, '16', 'Premium'),
(209, 20, 1, '1', 'Premium'),
(210, 20, 1, '2', 'Premium'),
(211, 20, 1, '3', 'Premium'),
(212, 20, 1, '4', 'Premium'),
(213, 20, 1, '5', 'Premium'),
(214, 20, 1, '6', 'Premium'),
(215, 20, 1, '7', 'Premium'),
(216, 20, 1, '8', 'Premium'),
(217, 20, 1, '9', 'Premium'),
(218, 20, 1, '10', 'Premium'),
(219, 20, 1, '11', 'Premium'),
(220, 20, 1, '12', 'Premium'),
(221, 20, 1, '13', 'Premium'),
(222, 20, 1, '14', 'Premium'),
(223, 20, 1, '15', 'Premium'),
(224, 21, 1, '1', 'Deluxe'),
(225, 21, 1, '2', 'Deluxe'),
(226, 21, 1, '3', 'Deluxe'),
(227, 21, 1, '4', 'Deluxe'),
(228, 21, 1, '8', 'Deluxe'),
(229, 21, 1, '16', 'Deluxe'),
(230, 22, 1, '1', 'Deluxe'),
(231, 22, 1, '2', 'Deluxe'),
(232, 22, 1, '3', 'Deluxe'),
(233, 22, 1, '4', 'Deluxe'),
(234, 22, 1, '9', 'Deluxe'),
(235, 22, 1, '18', 'Deluxe'),
(236, 23, 1, '1', 'Premium'),
(237, 23, 1, '2', 'Premium'),
(238, 23, 1, '3', 'Premium'),
(239, 23, 1, '4', 'Premium'),
(240, 23, 1, '5', 'Premium'),
(241, 23, 1, '6', 'Premium'),
(242, 23, 1, '7', 'Premium'),
(243, 23, 1, '8', 'Premium'),
(244, 23, 1, '9', 'Premium'),
(245, 23, 1, '10', 'Premium'),
(246, 23, 1, '11', 'Premium'),
(247, 23, 1, '12', 'Premium'),
(248, 23, 1, '13', 'Premium'),
(249, 23, 1, '14', 'Premium'),
(250, 23, 1, '15', 'Premium'),
(251, 23, 1, '16', 'Premium'),
(252, 23, 1, '17', 'Premium'),
(253, 24, 1, '1', 'Premium'),
(254, 24, 1, '2', 'Premium'),
(255, 24, 1, '3', 'Premium'),
(256, 24, 1, '4', 'Premium'),
(257, 24, 1, '5', 'Premium'),
(258, 24, 1, '6', 'Premium'),
(259, 24, 1, '7', 'Premium'),
(260, 24, 1, '8', 'Premium'),
(261, 24, 1, '9', 'Premium'),
(262, 24, 1, '10', 'Premium'),
(263, 24, 1, '11', 'Premium'),
(264, 24, 1, '12', 'Premium'),
(265, 24, 1, '13', 'Premium'),
(266, 24, 1, '14', 'Premium'),
(267, 24, 1, '15', 'Premium'),
(268, 24, 1, '16', 'Premium'),
(269, 25, 1, '1', 'Premium'),
(270, 25, 1, '2', 'Premium'),
(271, 25, 1, '3', 'Premium'),
(272, 25, 1, '4', 'Premium'),
(273, 25, 1, '5', 'Premium'),
(274, 25, 1, '6', 'Premium'),
(275, 25, 1, '7', 'Premium'),
(276, 25, 1, '8', 'Premium'),
(277, 25, 1, '9', 'Premium'),
(278, 25, 1, '10', 'Premium'),
(279, 25, 1, '11', 'Premium'),
(280, 25, 1, '12', 'Premium'),
(281, 25, 1, '13', 'Premium'),
(282, 25, 1, '14', 'Premium'),
(283, 25, 1, '15', 'Premium'),
(284, 25, 1, '16', 'Premium'),
(285, 26, 1, '1', 'Premium'),
(286, 26, 1, '2', 'Premium'),
(287, 26, 1, '3', 'Premium'),
(288, 26, 1, '4', 'Premium'),
(289, 26, 1, '5', 'Premium'),
(290, 26, 1, '6', 'Premium'),
(291, 26, 1, '7', 'Premium'),
(292, 26, 1, '8', 'Premium'),
(293, 26, 1, '9', 'Premium'),
(294, 26, 1, '10', 'Premium'),
(295, 26, 1, '11', 'Premium'),
(296, 26, 1, '12', 'Premium'),
(297, 26, 1, '13', 'Premium'),
(298, 26, 1, '14', 'Premium'),
(299, 27, 1, '1', 'Premium'),
(300, 27, 1, '2', 'Premium'),
(301, 27, 1, '3', 'Premium'),
(302, 27, 1, '4', 'Premium'),
(303, 27, 1, '5', 'Premium'),
(304, 27, 1, '6', 'Premium'),
(305, 27, 1, '7', 'Premium'),
(306, 27, 1, '8', 'Premium'),
(307, 27, 1, '9', 'Premium'),
(308, 27, 1, '10', 'Premium'),
(309, 27, 1, '11', 'Premium'),
(310, 27, 1, '12', 'Premium'),
(311, 27, 1, '13', 'Premium'),
(312, 27, 1, '14', 'Premium'),
(313, 27, 1, '15', 'Premium'),
(314, 27, 1, '16', 'Premium'),
(315, 27, 1, '17', 'Premium'),
(316, 28, 1, '1', 'Deluxe'),
(317, 28, 1, '2', 'Deluxe'),
(318, 28, 1, '3', 'Deluxe'),
(319, 28, 1, '4', 'Deluxe'),
(320, 29, 1, '1', 'Standard'),
(321, 29, 1, '2', 'Standard'),
(322, 29, 1, '3', 'Standard'),
(323, 29, 1, '4', 'Standard'),
(324, 30, 1, '1', 'Standard'),
(325, 30, 1, '2', 'Standard'),
(326, 30, 1, '3', 'Standard'),
(327, 30, 1, '4', 'Standard'),
(328, 31, 1, '1', 'Deluxe'),
(329, 31, 1, '2', 'Deluxe'),
(330, 31, 1, '3', 'Deluxe'),
(331, 31, 1, '4', 'Deluxe'),
(332, 32, 1, '1', 'Premium'),
(333, 32, 1, '2', 'Premium'),
(334, 32, 1, '3', 'Premium'),
(335, 32, 1, '4', 'Premium'),
(336, 32, 1, '5', 'Premium'),
(337, 32, 1, '6', 'Premium'),
(338, 32, 1, '7', 'Premium'),
(339, 32, 1, '8', 'Premium'),
(340, 32, 1, '9', 'Premium'),
(341, 32, 1, '10', 'Premium'),
(342, 32, 1, '11', 'Premium'),
(343, 32, 1, '12', 'Premium'),
(344, 32, 1, '13', 'Premium'),
(345, 32, 1, '14', 'Premium'),
(346, 32, 1, '15', 'Premium'),
(347, 32, 1, '16', 'Premium'),
(348, 32, 1, '17', 'Premium'),
(349, 32, 1, '18', 'Premium'),
(350, 33, 1, '1', 'Premium'),
(351, 33, 1, '2', 'Premium'),
(352, 33, 1, '3', 'Premium'),
(353, 33, 1, '4', 'Premium'),
(354, 33, 1, '5', 'Premium'),
(355, 33, 1, '6', 'Premium'),
(356, 33, 1, '7', 'Premium'),
(357, 33, 1, '8', 'Premium'),
(358, 33, 1, '9', 'Premium'),
(359, 33, 1, '10', 'Premium'),
(360, 33, 1, '11', 'Premium'),
(361, 33, 1, '12', 'Premium'),
(362, 33, 1, '13', 'Premium'),
(363, 33, 1, '14', 'Premium'),
(364, 33, 1, '15', 'Premium'),
(365, 33, 1, '16', 'Premium'),
(366, 34, 1, '1', 'Premium'),
(367, 34, 1, '2', 'Premium'),
(368, 34, 1, '3', 'Premium'),
(369, 34, 1, '4', 'Premium'),
(370, 34, 1, '5', 'Premium'),
(371, 34, 1, '6', 'Premium'),
(372, 34, 1, '7', 'Premium'),
(373, 34, 1, '8', 'Premium'),
(374, 34, 1, '9', 'Premium'),
(375, 34, 1, '10', 'Premium'),
(376, 34, 1, '11', 'Premium'),
(377, 34, 1, '12', 'Premium'),
(378, 34, 1, '13', 'Premium'),
(379, 34, 1, '14', 'Premium'),
(380, 34, 1, '15', 'Premium'),
(381, 34, 1, '16', 'Premium'),
(382, 35, 1, '1', 'Premium'),
(383, 35, 1, '2', 'Premium'),
(384, 35, 1, '3', 'Premium'),
(385, 35, 1, '4', 'Premium'),
(386, 35, 1, '5', 'Premium'),
(387, 35, 1, '6', 'Premium'),
(388, 35, 1, '7', 'Premium'),
(389, 35, 1, '8', 'Premium'),
(390, 35, 1, '9', 'Premium'),
(391, 35, 1, '10', 'Premium'),
(392, 35, 1, '11', 'Premium'),
(393, 35, 1, '12', 'Premium'),
(394, 35, 1, '13', 'Premium'),
(395, 35, 1, '14', 'Premium'),
(396, 35, 1, '15', 'Premium'),
(397, 35, 1, '16', 'Premium'),
(398, 36, 1, '1', 'Premium'),
(399, 36, 1, '2', 'Premium'),
(400, 36, 1, '3', 'Premium'),
(401, 36, 1, '4', 'Premium'),
(402, 36, 1, '5', 'Premium'),
(403, 36, 1, '6', 'Premium'),
(404, 36, 1, '7', 'Premium'),
(405, 36, 1, '8', 'Premium'),
(406, 36, 1, '9', 'Premium'),
(407, 36, 1, '10', 'Premium'),
(408, 36, 1, '11', 'Premium'),
(409, 36, 1, '12', 'Premium'),
(410, 36, 1, '13', 'Premium'),
(411, 36, 1, '14', 'Premium'),
(412, 36, 1, '15', 'Premium'),
(413, 36, 1, '16', 'Premium'),
(414, 37, 1, '1', 'Deluxe'),
(415, 37, 1, '2', 'Deluxe'),
(416, 37, 1, '3', 'Deluxe'),
(417, 37, 1, '4', 'Deluxe'),
(418, 38, 1, '1', 'Deluxe'),
(419, 38, 1, '2', 'Deluxe'),
(420, 38, 1, '3', 'Deluxe'),
(421, 38, 1, '4', 'Deluxe'),
(422, 39, 1, '1', 'Premium'),
(423, 39, 1, '2', 'Premium'),
(424, 39, 1, '3', 'Premium'),
(425, 39, 1, '4', 'Premium'),
(426, 39, 1, '5', 'Premium'),
(427, 39, 1, '6', 'Premium'),
(428, 39, 1, '7', 'Premium'),
(429, 39, 1, '8', 'Premium'),
(430, 39, 1, '9', 'Premium'),
(431, 39, 1, '10', 'Premium'),
(432, 39, 1, '11', 'Premium'),
(433, 39, 1, '12', 'Premium'),
(434, 39, 1, '13', 'Premium'),
(435, 39, 1, '14', 'Premium'),
(436, 39, 1, '15', 'Premium'),
(437, 39, 1, '16', 'Premium'),
(438, 40, 1, '1', 'Premium'),
(439, 40, 1, '2', 'Premium'),
(440, 40, 1, '3', 'Premium'),
(441, 40, 1, '4', 'Premium'),
(442, 40, 1, '5', 'Premium'),
(443, 40, 1, '6', 'Premium'),
(444, 40, 1, '7', 'Premium'),
(445, 40, 1, '8', 'Premium'),
(446, 40, 1, '9', 'Premium'),
(447, 40, 1, '10', 'Premium'),
(448, 40, 1, '11', 'Premium'),
(449, 40, 1, '12', 'Premium'),
(450, 40, 1, '13', 'Premium'),
(451, 40, 1, '14', 'Premium'),
(452, 40, 1, '15', 'Premium'),
(453, 40, 1, '16', 'Premium'),
(454, 41, 1, '1', 'Premium'),
(455, 41, 1, '2', 'Premium'),
(456, 41, 1, '3', 'Premium'),
(457, 41, 1, '4', 'Premium'),
(458, 41, 1, '5', 'Premium'),
(459, 41, 1, '6', 'Premium'),
(460, 41, 1, '7', 'Premium'),
(461, 41, 1, '8', 'Premium'),
(462, 41, 1, '9', 'Premium'),
(463, 41, 1, '10', 'Premium'),
(464, 41, 1, '11', 'Premium'),
(465, 41, 1, '12', 'Premium'),
(466, 41, 1, '13', 'Premium'),
(467, 41, 1, '14', 'Premium'),
(468, 41, 1, '15', 'Premium'),
(469, 41, 1, '16', 'Premium'),
(470, 42, 1, '1', 'Premium'),
(471, 42, 1, '2', 'Premium'),
(472, 42, 1, '3', 'Premium'),
(473, 42, 1, '4', 'Premium'),
(474, 42, 1, '5', 'Premium'),
(475, 42, 1, '6', 'Premium'),
(476, 42, 1, '7', 'Premium'),
(477, 42, 1, '8', 'Premium'),
(478, 42, 1, '9', 'Premium'),
(479, 42, 1, '10', 'Premium'),
(480, 42, 1, '11', 'Premium'),
(481, 42, 1, '12', 'Premium'),
(482, 42, 1, '13', 'Premium'),
(483, 42, 1, '14', 'Premium'),
(484, 42, 1, '15', 'Premium'),
(485, 42, 1, '16', 'Premium'),
(486, 43, 1, '1', 'Premium'),
(487, 43, 1, '2', 'Premium'),
(488, 43, 1, '3', 'Premium'),
(489, 43, 1, '4', 'Premium'),
(490, 43, 1, '5', 'Premium'),
(491, 43, 1, '6', 'Premium'),
(492, 43, 1, '7', 'Premium'),
(493, 43, 1, '8', 'Premium'),
(494, 43, 1, '9', 'Premium'),
(495, 43, 1, '10', 'Premium'),
(496, 43, 1, '11', 'Premium'),
(497, 43, 1, '12', 'Premium'),
(498, 43, 1, '13', 'Premium'),
(499, 43, 1, '14', 'Premium'),
(500, 43, 1, '15', 'Premium'),
(501, 43, 1, '16', 'Premium'),
(502, 43, 1, '17', 'Premium'),
(503, 43, 1, '18', 'Premium'),
(504, 43, 1, '19', 'Premium'),
(505, 43, 1, '20', 'Premium'),
(506, 44, 1, '1', 'Deluxe'),
(507, 44, 1, '2', 'Deluxe'),
(508, 44, 1, '3', 'Deluxe'),
(509, 44, 1, '4', 'Deluxe'),
(510, 45, 1, '1', 'Standard'),
(511, 45, 1, '2', 'Standard'),
(512, 45, 1, '3', 'Standard'),
(513, 45, 1, '4', 'Standard'),
(514, 46, 1, '1', 'Standard'),
(515, 46, 1, '2', 'Standard'),
(516, 46, 1, '3', 'Standard'),
(517, 46, 1, '4', 'Standard'),
(518, 47, 1, '1', 'Deluxe'),
(519, 47, 1, '2', 'Deluxe'),
(520, 47, 1, '3', 'Deluxe'),
(521, 47, 1, '4', 'Deluxe'),
(522, 48, 1, '1', 'Premium'),
(523, 48, 1, '2', 'Premium'),
(524, 48, 1, '3', 'Premium'),
(525, 48, 1, '4', 'Premium'),
(526, 48, 1, '5', 'Premium'),
(532, 49, 1, '1', 'Premium'),
(533, 49, 1, '2', 'Premium'),
(534, 49, 1, '3', 'Premium'),
(535, 49, 1, '4', 'Premium'),
(536, 49, 1, '5', 'Premium'),
(537, 49, 1, '6', 'Premium'),
(538, 49, 1, '7', 'Premium'),
(539, 49, 1, '8', 'Premium'),
(540, 49, 1, '9', 'Premium'),
(541, 49, 1, '10', 'Premium'),
(542, 49, 1, '11', 'Premium'),
(543, 49, 1, '12', 'Premium'),
(544, 49, 1, '13', 'Premium'),
(545, 49, 1, '14', 'Premium'),
(546, 49, 1, '15', 'Premium'),
(547, 49, 1, '16', 'Premium'),
(548, 50, 1, '1', 'Premium'),
(549, 50, 1, '2', 'Premium'),
(550, 50, 1, '3', 'Premium'),
(551, 50, 1, '4', 'Premium'),
(552, 50, 1, '5', 'Premium'),
(553, 50, 1, '6', 'Premium'),
(554, 50, 1, '7', 'Premium'),
(555, 50, 1, '8', 'Premium'),
(556, 50, 1, '9', 'Premium'),
(557, 50, 1, '10', 'Premium'),
(558, 50, 1, '11', 'Premium'),
(559, 50, 1, '12', 'Premium'),
(560, 50, 1, '13', 'Premium'),
(561, 50, 1, '14', 'Premium'),
(562, 50, 1, '15', 'Premium'),
(563, 50, 1, '16', 'Premium'),
(564, 51, 1, '1', 'Premium'),
(565, 51, 1, '2', 'Premium'),
(566, 51, 1, '3', 'Premium'),
(567, 51, 1, '4', 'Premium'),
(568, 51, 1, '5', 'Premium'),
(569, 51, 1, '6', 'Premium'),
(570, 51, 1, '7', 'Premium'),
(571, 51, 1, '8', 'Premium'),
(572, 51, 1, '9', 'Premium'),
(573, 51, 1, '10', 'Premium'),
(574, 51, 1, '11', 'Premium'),
(575, 51, 1, '12', 'Premium'),
(576, 51, 1, '13', 'Premium'),
(577, 51, 1, '14', 'Premium'),
(578, 51, 1, '15', 'Premium'),
(579, 51, 1, '16', 'Premium'),
(580, 52, 1, '1', 'Premium'),
(581, 52, 1, '2', 'Premium'),
(582, 52, 1, '3', 'Premium'),
(583, 52, 1, '4', 'Premium'),
(584, 52, 1, '5', 'Premium'),
(585, 52, 1, '6', 'Premium'),
(586, 52, 1, '7', 'Premium'),
(587, 52, 1, '8', 'Premium'),
(588, 52, 1, '9', 'Premium'),
(589, 52, 1, '10', 'Premium'),
(590, 52, 1, '11', 'Premium'),
(591, 52, 1, '12', 'Premium'),
(592, 52, 1, '13', 'Premium'),
(593, 52, 1, '14', 'Premium'),
(594, 52, 1, '15', 'Premium'),
(595, 52, 1, '16', 'Premium'),
(596, 53, 1, '1', 'Premium'),
(597, 53, 1, '2', 'Premium'),
(598, 53, 1, '3', 'Premium'),
(599, 53, 1, '4', 'Premium'),
(600, 53, 1, '5', 'Premium'),
(601, 53, 1, '6', 'Premium'),
(602, 53, 1, '7', 'Premium'),
(603, 53, 1, '8', 'Premium'),
(604, 53, 1, '9', 'Premium'),
(605, 53, 1, '10', 'Premium'),
(606, 53, 1, '11', 'Premium'),
(607, 53, 1, '12', 'Premium'),
(608, 53, 1, '13', 'Premium'),
(609, 53, 1, '14', 'Premium'),
(610, 53, 1, '15', 'Premium'),
(611, 53, 1, '16', 'Premium'),
(612, 54, 1, '1', 'Premium'),
(613, 54, 1, '2', 'Premium'),
(614, 54, 1, '3', 'Premium'),
(615, 54, 1, '4', 'Premium'),
(616, 55, 1, '1', 'Premium'),
(617, 55, 1, '2', 'Premium'),
(618, 55, 1, '3', 'Premium'),
(619, 55, 1, '4', 'Premium'),
(620, 56, 1, '1', 'Premium'),
(621, 56, 1, '2', 'Premium'),
(622, 56, 1, '3', 'Premium'),
(623, 56, 1, '4', 'Premium'),
(624, 56, 1, '5', 'Premium'),
(625, 56, 1, '6', 'Premium'),
(626, 56, 1, '7', 'Premium'),
(627, 56, 1, '8', 'Premium'),
(628, 56, 1, '9', 'Premium'),
(629, 56, 1, '10', 'Premium'),
(630, 56, 1, '11', 'Premium'),
(631, 56, 1, '12', 'Premium'),
(632, 56, 1, '13', 'Premium'),
(633, 56, 1, '14', 'Premium'),
(634, 56, 1, '15', 'Premium'),
(635, 56, 1, '16', 'Premium'),
(636, 57, 1, '1', 'Premium'),
(637, 57, 1, '2', 'Premium'),
(638, 57, 1, '3', 'Premium'),
(639, 57, 1, '4', 'Premium'),
(640, 57, 1, '5', 'Premium'),
(641, 57, 1, '6', 'Premium'),
(642, 57, 1, '7', 'Premium'),
(643, 57, 1, '8', 'Premium'),
(644, 57, 1, '9', 'Premium'),
(645, 57, 1, '10', 'Premium'),
(646, 57, 1, '11', 'Premium'),
(647, 57, 1, '12', 'Premium'),
(648, 57, 1, '13', 'Premium'),
(649, 57, 1, '14', 'Premium'),
(650, 57, 1, '15', 'Premium'),
(651, 57, 1, '16', 'Premium'),
(652, 58, 1, '1', 'Premium'),
(653, 58, 1, '2', 'Premium'),
(654, 58, 1, '3', 'Premium'),
(655, 58, 1, '4', 'Premium'),
(656, 58, 1, '5', 'Premium'),
(657, 58, 1, '6', 'Premium'),
(658, 58, 1, '7', 'Premium'),
(659, 58, 1, '8', 'Premium'),
(660, 58, 1, '9', 'Premium'),
(661, 58, 1, '10', 'Premium'),
(662, 58, 1, '11', 'Premium'),
(663, 58, 1, '12', 'Premium'),
(664, 58, 1, '13', 'Premium'),
(665, 58, 1, '14', 'Premium'),
(666, 58, 1, '15', 'Premium'),
(667, 58, 1, '16', 'Premium'),
(668, 59, 1, '1', 'Premium'),
(669, 59, 1, '2', 'Premium'),
(670, 59, 1, '3', 'Premium'),
(671, 59, 1, '4', 'Premium'),
(672, 59, 1, '5', 'Premium'),
(673, 59, 1, '6', 'Premium'),
(674, 59, 1, '7', 'Premium'),
(675, 59, 1, '8', 'Premium'),
(676, 59, 1, '9', 'Premium'),
(677, 59, 1, '10', 'Premium'),
(678, 59, 1, '11', 'Premium'),
(679, 59, 1, '12', 'Premium'),
(680, 59, 1, '13', 'Premium'),
(681, 59, 1, '14', 'Premium'),
(682, 59, 1, '15', 'Premium'),
(683, 59, 1, '16', 'Premium'),
(684, 60, 1, '1', 'Premium'),
(685, 60, 1, '2', 'Premium'),
(686, 60, 1, '3', 'Premium'),
(687, 60, 1, '4', 'Premium'),
(688, 60, 1, '5', 'Premium'),
(689, 60, 1, '6', 'Premium'),
(690, 60, 1, '7', 'Premium'),
(691, 60, 1, '8', 'Premium'),
(692, 60, 1, '9', 'Premium'),
(693, 60, 1, '10', 'Premium'),
(694, 60, 1, '11', 'Premium'),
(695, 60, 1, '12', 'Premium'),
(696, 60, 1, '13', 'Premium'),
(697, 60, 1, '14', 'Premium'),
(698, 60, 1, '15', 'Premium'),
(699, 60, 1, '16', 'Premium'),
(700, 61, 1, '1', 'Premium'),
(701, 61, 1, '2', 'Premium'),
(702, 61, 1, '3', 'Premium'),
(703, 61, 1, '4', 'Premium'),
(704, 61, 1, '5', 'Premium'),
(705, 61, 1, '6', 'Premium'),
(706, 61, 1, '7', 'Premium'),
(707, 61, 1, '8', 'Premium'),
(708, 61, 1, '9', 'Premium'),
(709, 61, 1, '10', 'Premium'),
(710, 62, 1, '1', 'Deluxe'),
(711, 62, 1, '2', 'Deluxe'),
(712, 62, 1, '3', 'Deluxe'),
(713, 62, 1, '4', 'Deluxe'),
(714, 62, 1, '5', 'Deluxe'),
(715, 63, 1, '1', 'Standard'),
(716, 63, 1, '2', 'Standard'),
(717, 63, 1, '3', 'Standard'),
(718, 63, 1, '4', 'Standard'),
(719, 64, 1, '1', 'Standard'),
(720, 64, 1, '2', 'Standard'),
(721, 64, 1, '3', 'Standard'),
(722, 64, 1, '4', 'Standard'),
(725, 64, 1, '5', 'Standard'),
(726, 65, 1, '1', 'Deluxe'),
(727, 65, 1, '2', 'Deluxe'),
(728, 65, 1, '3', 'Deluxe'),
(729, 65, 1, '4', 'Deluxe'),
(730, 65, 1, '5', 'Deluxe'),
(731, 65, 1, '6', 'Deluxe'),
(732, 65, 1, '7', 'Deluxe'),
(733, 65, 1, '8', 'Deluxe'),
(734, 65, 1, '9', 'Deluxe'),
(735, 65, 1, '10', 'Deluxe'),
(736, 65, 1, '11', 'Deluxe'),
(737, 66, 1, '1', 'Deluxe'),
(738, 66, 1, '2', 'Deluxe'),
(739, 66, 1, '3', 'Deluxe'),
(740, 66, 1, '4', 'Deluxe'),
(741, 66, 1, '5', 'Deluxe'),
(742, 66, 1, '6', 'Deluxe'),
(743, 66, 1, '7', 'Deluxe'),
(744, 66, 1, '8', 'Deluxe'),
(745, 66, 1, '9', 'Deluxe'),
(746, 66, 1, '10', 'Deluxe'),
(747, 66, 1, '11', 'Deluxe'),
(748, 66, 1, '12', 'Deluxe'),
(749, 66, 1, '13', 'Deluxe'),
(750, 66, 1, '14', 'Deluxe'),
(751, 66, 1, '15', 'Deluxe'),
(752, 66, 1, '16', 'Deluxe'),
(753, 67, 1, '1', 'Deluxe'),
(754, 67, 1, '2', 'Deluxe'),
(755, 67, 1, '3', 'Deluxe'),
(756, 67, 1, '4', 'Deluxe'),
(757, 67, 1, '5', 'Deluxe'),
(758, 67, 1, '6', 'Deluxe'),
(759, 67, 1, '7', 'Deluxe'),
(760, 67, 1, '8', 'Deluxe'),
(761, 67, 1, '9', 'Deluxe'),
(762, 67, 1, '10', 'Deluxe'),
(763, 67, 1, '11', 'Deluxe'),
(764, 67, 1, '12', 'Deluxe'),
(765, 67, 1, '13', 'Deluxe'),
(766, 67, 1, '14', 'Deluxe'),
(767, 67, 1, '15', 'Deluxe'),
(768, 67, 1, '16', 'Deluxe'),
(769, 68, 1, '1', 'Deluxe'),
(770, 68, 1, '2', 'Deluxe'),
(771, 68, 1, '3', 'Deluxe'),
(772, 68, 1, '4', 'Deluxe'),
(773, 68, 1, '5', 'Deluxe'),
(774, 68, 1, '6', 'Deluxe'),
(775, 68, 1, '7', 'Deluxe'),
(776, 68, 1, '8', 'Deluxe'),
(777, 68, 1, '9', 'Deluxe'),
(778, 68, 1, '10', 'Deluxe'),
(779, 68, 1, '11', 'Deluxe'),
(780, 68, 1, '12', 'Deluxe'),
(781, 68, 1, '13', 'Deluxe'),
(782, 68, 1, '14', 'Deluxe'),
(783, 68, 1, '15', 'Deluxe'),
(784, 68, 1, '16', 'Deluxe'),
(785, 69, 1, '1', 'Deluxe'),
(786, 69, 1, '2', 'Deluxe'),
(787, 69, 1, '3', 'Deluxe'),
(788, 69, 1, '4', 'Deluxe'),
(789, 69, 1, '5', 'Deluxe'),
(790, 69, 1, '6', 'Deluxe'),
(791, 69, 1, '7', 'Deluxe'),
(792, 69, 1, '8', 'Deluxe'),
(793, 69, 1, '9', 'Deluxe'),
(794, 69, 1, '10', 'Deluxe'),
(795, 69, 1, '11', 'Deluxe'),
(796, 69, 1, '12', 'Deluxe'),
(797, 69, 1, '13', 'Deluxe'),
(798, 69, 1, '14', 'Deluxe'),
(799, 69, 1, '15', 'Deluxe'),
(800, 69, 1, '16', 'Deluxe'),
(801, 70, 1, '1', 'Deluxe'),
(802, 70, 1, '2', 'Deluxe'),
(803, 70, 1, '3', 'Deluxe'),
(804, 70, 1, '4', 'Deluxe'),
(805, 70, 1, '5', 'Deluxe'),
(806, 70, 1, '6', 'Deluxe'),
(807, 70, 1, '7', 'Deluxe'),
(808, 70, 1, '8', 'Deluxe'),
(809, 70, 1, '9', 'Deluxe'),
(810, 70, 1, '10', 'Deluxe'),
(811, 70, 1, '11', 'Deluxe'),
(812, 70, 1, '12', 'Deluxe'),
(813, 70, 1, '13', 'Deluxe'),
(814, 70, 1, '14', 'Deluxe'),
(815, 70, 1, '15', 'Deluxe'),
(816, 70, 1, '16', 'Deluxe'),
(817, 71, 1, '1', 'Deluxe'),
(818, 71, 1, '2', 'Deluxe'),
(819, 71, 1, '3', 'Deluxe'),
(820, 71, 1, '4', 'Deluxe'),
(821, 72, 1, '1', 'Standard'),
(822, 72, 1, '2', 'Standard'),
(823, 72, 1, '3', 'Standard'),
(824, 72, 1, '4', 'Standard'),
(825, 72, 1, '5', 'Standard'),
(826, 72, 1, '6', 'Standard'),
(827, 72, 1, '7', 'Standard'),
(828, 72, 1, '8', 'Standard'),
(829, 72, 1, '9', 'Standard'),
(830, 72, 1, '10', 'Standard'),
(831, 72, 1, '11', 'Standard'),
(832, 72, 1, '12', 'Standard'),
(833, 72, 1, '13', 'Standard'),
(834, 72, 1, '14', 'Standard'),
(835, 72, 1, '15', 'Standard'),
(836, 72, 1, '16', 'Standard'),
(837, 73, 1, '1', 'Standard'),
(838, 73, 1, '2', 'Standard'),
(839, 73, 1, '3', 'Standard'),
(840, 73, 1, '4', 'Standard'),
(841, 73, 1, '5', 'Standard'),
(842, 73, 1, '6', 'Standard'),
(843, 73, 1, '7', 'Standard'),
(844, 73, 1, '8', 'Standard'),
(845, 73, 1, '9', 'Standard'),
(846, 73, 1, '10', 'Standard'),
(847, 73, 1, '11', 'Standard'),
(848, 73, 1, '12', 'Standard'),
(849, 73, 1, '13', 'Standard'),
(850, 73, 1, '14', 'Standard'),
(851, 73, 1, '15', 'Standard'),
(852, 73, 1, '16', 'Standard'),
(853, 74, 1, '1', 'Standard'),
(854, 74, 1, '2', 'Standard'),
(855, 74, 1, '3', 'Standard'),
(856, 74, 1, '4', 'Standard'),
(857, 74, 1, '5', 'Standard'),
(858, 74, 1, '6', 'Standard'),
(859, 74, 1, '7', 'Standard'),
(860, 74, 1, '8', 'Standard'),
(861, 74, 1, '9', 'Standard'),
(862, 74, 1, '10', 'Standard'),
(863, 74, 1, '11', 'Standard'),
(864, 74, 1, '12', 'Standard'),
(865, 74, 1, '13', 'Standard'),
(866, 74, 1, '14', 'Standard'),
(867, 74, 1, '15', 'Standard'),
(868, 74, 1, '16', 'Standard'),
(869, 75, 1, '1', 'Standard'),
(870, 75, 1, '2', 'Standard'),
(871, 75, 1, '3', 'Standard'),
(872, 75, 1, '4', 'Standard'),
(873, 75, 1, '5', 'Standard'),
(874, 75, 1, '6', 'Standard'),
(875, 75, 1, '7', 'Standard'),
(876, 75, 1, '8', 'Standard'),
(877, 75, 1, '9', 'Standard'),
(878, 75, 1, '10', 'Standard'),
(879, 75, 1, '11', 'Standard'),
(880, 75, 1, '12', 'Standard'),
(881, 75, 1, '13', 'Standard'),
(882, 75, 1, '14', 'Standard'),
(883, 75, 1, '15', 'Standard'),
(884, 75, 1, '16', 'Standard'),
(885, 76, 1, '1', 'Standard'),
(886, 76, 1, '2', 'Standard'),
(887, 76, 1, '3', 'Standard'),
(888, 76, 1, '4', 'Standard'),
(889, 76, 1, '5', 'Standard'),
(890, 76, 1, '6', 'Standard'),
(891, 76, 1, '7', 'Standard'),
(892, 76, 1, '8', 'Standard'),
(893, 76, 1, '9', 'Standard'),
(894, 76, 1, '10', 'Standard'),
(895, 76, 1, '11', 'Standard'),
(896, 76, 1, '12', 'Standard'),
(897, 76, 1, '13', 'Standard'),
(898, 76, 1, '14', 'Standard'),
(899, 76, 1, '15', 'Standard'),
(900, 76, 1, '16', 'Standard'),
(901, 77, 1, '1', 'Standard'),
(902, 77, 1, '2', 'Standard'),
(903, 77, 1, '3', 'Standard'),
(904, 77, 1, '4', 'Standard'),
(905, 77, 1, '5', 'Standard'),
(906, 77, 1, '6', 'Standard'),
(907, 77, 1, '7', 'Standard'),
(908, 77, 1, '8', 'Standard'),
(909, 77, 1, '9', 'Standard'),
(910, 77, 1, '10', 'Standard'),
(911, 77, 1, '11', 'Standard'),
(912, 77, 1, '12', 'Standard'),
(913, 77, 1, '13', 'Standard'),
(914, 77, 1, '14', 'Standard'),
(915, 77, 1, '15', 'Standard'),
(916, 77, 1, '16', 'Standard'),
(917, 77, 1, '17', 'Standard'),
(918, 20, 1, '16', 'Premium'),
(919, 23, 1, '18', 'Premium'),
(920, 80, 1, '1', 'Standard'),
(921, 80, 1, '2', 'Standard'),
(922, 80, 1, '3', 'Standard'),
(923, 80, 1, '4', 'Standard'),
(924, 80, 1, '5', 'Standard'),
(925, 80, 1, '6', 'Standard'),
(926, 80, 1, '7', 'Standard'),
(927, 80, 1, '8', 'Standard'),
(928, 80, 1, '9', 'Standard'),
(929, 80, 1, '10', 'Standard'),
(930, 80, 1, '11', 'Standard'),
(931, 80, 1, '12', 'Standard'),
(932, 80, 1, '13', 'Standard'),
(933, 80, 1, '14', 'Standard'),
(934, 80, 1, '15', 'Standard'),
(935, 80, 1, '16', 'Standard'),
(936, 80, 1, '17', 'Standard'),
(937, 80, 1, '18', 'Standard'),
(938, 81, 1, '2', 'Standard'),
(939, 81, 1, '3', 'Standard'),
(940, 81, 1, '4', 'Standard'),
(941, 81, 1, '5', 'Standard'),
(942, 81, 1, '6', 'Standard'),
(943, 81, 1, '7', 'Standard'),
(944, 81, 1, '8', 'Standard'),
(945, 81, 1, '9', 'Standard'),
(946, 81, 1, '10', 'Standard'),
(947, 81, 1, '11', 'Standard'),
(948, 81, 1, '12', 'Standard'),
(949, 81, 1, '13', 'Standard'),
(950, 81, 1, '14', 'Standard'),
(951, 81, 1, '15', 'Standard'),
(952, 81, 1, '16', 'Standard'),
(953, 82, 1, '2', 'Standard'),
(954, 82, 1, '3', 'Standard'),
(955, 82, 1, '4', 'Standard'),
(956, 82, 1, '5', 'Standard'),
(957, 82, 1, '6', 'Standard'),
(958, 82, 1, '7', 'Standard'),
(959, 82, 1, '8', 'Standard'),
(960, 82, 1, '9', 'Standard'),
(961, 82, 1, '10', 'Standard'),
(962, 82, 1, '11', 'Standard'),
(963, 82, 1, '12', 'Standard'),
(964, 82, 1, '13', 'Standard'),
(965, 82, 1, '14', 'Standard'),
(966, 82, 1, '15', 'Standard'),
(967, 82, 1, '16', 'Standard'),
(968, 83, 1, '2', 'Standard'),
(969, 83, 1, '3', 'Standard'),
(970, 83, 1, '4', 'Standard'),
(971, 83, 1, '5', 'Standard'),
(972, 83, 1, '6', 'Standard'),
(973, 83, 1, '7', 'Standard'),
(974, 83, 1, '8', 'Standard'),
(975, 83, 1, '9', 'Standard'),
(976, 83, 1, '10', 'Standard'),
(977, 84, 1, '2', 'Standard'),
(978, 84, 1, '3', 'Standard'),
(979, 84, 1, '4', 'Standard'),
(980, 84, 1, '5', 'Standard'),
(981, 84, 1, '6', 'Standard'),
(982, 84, 1, '7', 'Standard'),
(983, 84, 1, '8', 'Standard'),
(984, 84, 1, '9', 'Standard'),
(985, 84, 1, '10', 'Standard'),
(986, 84, 1, '11', 'Standard'),
(987, 84, 1, '12', 'Standard'),
(988, 85, 1, '2', 'Deluxe'),
(989, 85, 1, '3', 'Deluxe'),
(990, 85, 1, '4', 'Deluxe'),
(991, 85, 1, '5', 'Deluxe'),
(992, 85, 1, '6', 'Deluxe'),
(993, 85, 1, '7', 'Deluxe'),
(994, 85, 1, '8', 'Deluxe'),
(995, 85, 1, '9', 'Deluxe'),
(996, 85, 1, '10', 'Deluxe'),
(997, 85, 1, '11', 'Deluxe'),
(998, 85, 1, '12', 'Deluxe'),
(999, 85, 1, '13', 'Deluxe'),
(1000, 85, 1, '14', 'Deluxe'),
(1001, 85, 1, '15', 'Deluxe'),
(1002, 85, 1, '16', 'Deluxe'),
(1003, 86, 1, '2', 'Deluxe'),
(1004, 86, 1, '3', 'Deluxe'),
(1005, 86, 1, '4', 'Deluxe'),
(1006, 86, 1, '5', 'Deluxe'),
(1007, 86, 1, '6', 'Deluxe'),
(1008, 86, 1, '7', 'Deluxe'),
(1009, 86, 1, '8', 'Deluxe'),
(1010, 86, 1, '9', 'Deluxe'),
(1011, 86, 1, '10', 'Deluxe'),
(1012, 86, 1, '11', 'Deluxe'),
(1013, 86, 1, '12', 'Deluxe'),
(1014, 86, 1, '13', 'Deluxe'),
(1015, 86, 1, '14', 'Deluxe'),
(1016, 86, 1, '15', 'Deluxe'),
(1017, 86, 1, '16', 'Deluxe'),
(1018, 87, 1, '2', 'Deluxe'),
(1019, 87, 1, '3', 'Deluxe'),
(1020, 87, 1, '4', 'Deluxe'),
(1021, 87, 1, '5', 'Deluxe'),
(1022, 87, 1, '6', 'Deluxe'),
(1023, 87, 1, '7', 'Deluxe'),
(1024, 87, 1, '8', 'Deluxe'),
(1025, 87, 1, '9', 'Deluxe'),
(1026, 87, 1, '10', 'Deluxe'),
(1027, 87, 1, '11', 'Deluxe'),
(1028, 87, 1, '12', 'Deluxe'),
(1029, 87, 1, '13', 'Deluxe'),
(1030, 87, 1, '14', 'Deluxe'),
(1031, 87, 1, '15', 'Deluxe'),
(1032, 87, 1, '16', 'Deluxe'),
(1033, 88, 1, '2', 'Premium'),
(1034, 88, 1, '3', 'Premium'),
(1035, 88, 1, '4', 'Premium'),
(1036, 88, 1, '5', 'Premium'),
(1037, 88, 1, '6', 'Premium'),
(1038, 88, 1, '7', 'Premium'),
(1041, 89, 1, '2', 'Deluxe'),
(1042, 89, 1, '3', 'Deluxe'),
(1043, 89, 1, '4', 'Deluxe'),
(1044, 89, 1, '5', 'Deluxe'),
(1045, 89, 1, '6', 'Deluxe'),
(1046, 89, 1, '7', 'Deluxe'),
(1047, 89, 1, '8', 'Deluxe'),
(1048, 89, 1, '9', 'Deluxe'),
(1049, 89, 1, '10', 'Deluxe'),
(1050, 89, 1, '11', 'Deluxe'),
(1051, 89, 1, '12', 'Deluxe'),
(1052, 89, 1, '13', 'Deluxe'),
(1053, 89, 1, '14', 'Deluxe'),
(1054, 89, 1, '15', 'Deluxe'),
(1055, 89, 1, '16', 'Deluxe'),
(1056, 89, 1, '17', 'Deluxe'),
(1057, 89, 1, '18', 'Deluxe'),
(1058, 89, 1, '19', 'Deluxe'),
(1059, 89, 1, '20', 'Deluxe'),
(1060, 90, 1, '1', 'Standard'),
(1061, 90, 1, '2', 'Standard'),
(1062, 90, 1, '3', 'Standard'),
(1063, 91, 1, '1', 'Standard'),
(1064, 91, 1, '2', 'Standard'),
(1065, 91, 1, '3', 'Standard'),
(1066, 91, 1, '4', 'Standard'),
(1067, 92, 1, '1', 'Standard'),
(1068, 92, 1, '2', 'Standard'),
(1069, 92, 1, '3', 'Standard'),
(1070, 92, 1, '4', 'Standard'),
(1071, 93, 1, '1', 'Deluxe'),
(1072, 93, 1, '2', 'Deluxe'),
(1073, 93, 1, '3', 'Deluxe'),
(1074, 93, 1, '4', 'Deluxe'),
(1075, 94, 1, '2', 'Premium'),
(1076, 94, 1, '3', 'Premium'),
(1077, 94, 1, '4', 'Premium'),
(1078, 94, 1, '5', 'Premium'),
(1079, 94, 1, '6', 'Premium'),
(1080, 94, 1, '7', 'Premium'),
(1081, 94, 1, '8', 'Premium'),
(1082, 94, 1, '9', 'Premium'),
(1083, 94, 1, '10', 'Premium'),
(1084, 94, 1, '11', 'Premium'),
(1085, 94, 1, '12', 'Premium'),
(1086, 94, 1, '13', 'Premium'),
(1087, 94, 1, '14', 'Premium'),
(1088, 94, 1, '15', 'Premium'),
(1089, 94, 1, '16', 'Premium'),
(1090, 94, 1, '1', 'Premium'),
(1091, 95, 1, '1', 'Premium'),
(1092, 95, 1, '2', 'Premium'),
(1093, 95, 1, '3', 'Premium'),
(1094, 95, 1, '4', 'Premium'),
(1095, 95, 1, '5', 'Premium'),
(1096, 95, 1, '6', 'Premium'),
(1097, 95, 1, '7', 'Premium'),
(1098, 95, 1, '8', 'Premium'),
(1099, 95, 1, '9', 'Premium'),
(1100, 95, 1, '10', 'Premium'),
(1101, 95, 1, '11', 'Premium'),
(1102, 95, 1, '12', 'Premium'),
(1103, 95, 1, '13', 'Premium'),
(1104, 95, 1, '14', 'Premium'),
(1105, 95, 1, '15', 'Premium'),
(1106, 95, 1, '16', 'Premium'),
(1107, 96, 1, '1', 'Premium'),
(1108, 96, 1, '2', 'Premium'),
(1109, 96, 1, '3', 'Premium'),
(1110, 96, 1, '4', 'Premium'),
(1111, 96, 1, '5', 'Premium'),
(1112, 96, 1, '6', 'Premium'),
(1113, 96, 1, '7', 'Premium'),
(1114, 96, 1, '8', 'Premium'),
(1115, 96, 1, '9', 'Premium'),
(1116, 96, 1, '10', 'Premium'),
(1117, 96, 1, '11', 'Premium'),
(1118, 96, 1, '12', 'Premium'),
(1119, 96, 1, '13', 'Premium'),
(1120, 96, 1, '14', 'Premium'),
(1121, 96, 1, '15', 'Premium'),
(1122, 96, 1, '16', 'Premium'),
(1123, 97, 1, '1', 'Premium'),
(1124, 97, 1, '2', 'Premium'),
(1125, 97, 1, '3', 'Premium'),
(1126, 97, 1, '4', 'Premium'),
(1127, 97, 1, '5', 'Premium'),
(1128, 97, 1, '6', 'Premium'),
(1129, 97, 1, '7', 'Premium'),
(1130, 97, 1, '8', 'Premium'),
(1131, 97, 1, '9', 'Premium'),
(1132, 97, 1, '10', 'Premium'),
(1133, 97, 1, '11', 'Premium'),
(1134, 97, 1, '12', 'Premium'),
(1135, 97, 1, '13', 'Premium'),
(1136, 97, 1, '14', 'Premium'),
(1137, 98, 1, '1', 'Deluxe'),
(1138, 98, 1, '2', 'Deluxe'),
(1139, 98, 1, '3', 'Deluxe'),
(1140, 98, 1, '4', 'Deluxe'),
(1141, 98, 1, '5', 'Deluxe'),
(1142, 98, 1, '6', 'Deluxe'),
(1143, 98, 1, '7', 'Deluxe'),
(1144, 98, 1, '8', 'Deluxe'),
(1145, 99, 1, '1', 'Deluxe'),
(1146, 99, 1, '2', 'Deluxe'),
(1147, 99, 1, '3', 'Deluxe'),
(1148, 99, 1, '4', 'Deluxe'),
(1149, 100, 1, '1', 'Premium'),
(1150, 100, 1, '2', 'Premium'),
(1151, 100, 1, '3', 'Premium'),
(1152, 100, 1, '4', 'Premium'),
(1153, 100, 1, '5', 'Premium'),
(1154, 100, 1, '6', 'Premium'),
(1155, 100, 1, '7', 'Premium'),
(1156, 100, 1, '8', 'Premium'),
(1157, 100, 1, '9', 'Premium'),
(1158, 100, 1, '10', 'Premium'),
(1159, 100, 1, '11', 'Premium'),
(1160, 100, 1, '12', 'Premium'),
(1161, 100, 1, '13', 'Premium'),
(1162, 100, 1, '14', 'Premium'),
(1163, 100, 1, '15', 'Premium'),
(1164, 100, 1, '16', 'Premium'),
(1165, 100, 1, '17', 'Premium'),
(1166, 100, 1, '18', 'Premium'),
(1167, 101, 1, '1', 'Premium'),
(1168, 101, 1, '2', 'Premium'),
(1169, 101, 1, '3', 'Premium'),
(1170, 101, 1, '4', 'Premium'),
(1171, 101, 1, '5', 'Premium'),
(1172, 101, 1, '6', 'Premium'),
(1173, 101, 1, '7', 'Premium'),
(1174, 101, 1, '8', 'Premium'),
(1175, 101, 1, '9', 'Premium'),
(1176, 101, 1, '10', 'Premium'),
(1177, 101, 1, '11', 'Premium'),
(1178, 101, 1, '12', 'Premium'),
(1179, 101, 1, '13', 'Premium'),
(1180, 101, 1, '14', 'Premium'),
(1181, 101, 1, '15', 'Premium'),
(1182, 101, 1, '16', 'Premium'),
(1183, 102, 1, '1', 'Premium'),
(1184, 102, 1, '2', 'Premium'),
(1185, 102, 1, '3', 'Premium'),
(1186, 102, 1, '4', 'Premium'),
(1187, 102, 1, '5', 'Premium'),
(1188, 102, 1, '6', 'Premium'),
(1189, 102, 1, '7', 'Premium'),
(1190, 102, 1, '8', 'Premium'),
(1191, 102, 1, '9', 'Premium'),
(1192, 102, 1, '10', 'Premium'),
(1193, 102, 1, '11', 'Premium'),
(1194, 102, 1, '12', 'Premium'),
(1195, 102, 1, '13', 'Premium'),
(1196, 102, 1, '14', 'Premium'),
(1197, 102, 1, '15', 'Premium'),
(1198, 102, 1, '16', 'Premium'),
(1199, 103, 1, '1', 'Premium'),
(1200, 103, 1, '2', 'Premium'),
(1201, 103, 1, '3', 'Premium'),
(1202, 103, 1, '4', 'Premium'),
(1203, 103, 1, '5', 'Premium'),
(1204, 103, 1, '6', 'Premium'),
(1205, 103, 1, '7', 'Premium'),
(1206, 103, 1, '8', 'Premium'),
(1207, 103, 1, '9', 'Premium'),
(1208, 103, 1, '10', 'Premium'),
(1209, 103, 1, '11', 'Premium'),
(1210, 103, 1, '12', 'Premium'),
(1211, 103, 1, '13', 'Premium'),
(1212, 103, 1, '14', 'Premium'),
(1213, 103, 1, '15', 'Premium'),
(1214, 103, 1, '16', 'Premium'),
(1215, 103, 1, '17', 'Premium'),
(1216, 104, 1, '1', 'Deluxe'),
(1217, 104, 1, '2', 'Deluxe'),
(1218, 104, 1, '3', 'Deluxe'),
(1219, 104, 1, '4', 'Deluxe'),
(1220, 105, 1, '1', 'Standard'),
(1221, 105, 1, '2', 'Standard'),
(1222, 105, 1, '3', 'Standard'),
(1223, 105, 1, '4', 'Standard'),
(1224, 106, 1, '1', 'Standard'),
(1225, 106, 1, '2', 'Standard'),
(1226, 106, 1, '3', 'Standard'),
(1227, 106, 1, '4', 'Standard'),
(1228, 107, 1, '1', 'Deluxe'),
(1229, 107, 1, '2', 'Deluxe'),
(1230, 107, 1, '3', 'Deluxe'),
(1231, 107, 1, '4', 'Deluxe'),
(1232, 108, 1, '1', 'Premium'),
(1233, 108, 1, '2', 'Premium'),
(1234, 108, 1, '3', 'Premium'),
(1235, 108, 1, '4', 'Premium'),
(1236, 108, 1, '5', 'Premium'),
(1237, 108, 1, '6', 'Premium'),
(1238, 108, 1, '7', 'Premium'),
(1239, 108, 1, '8', 'Premium'),
(1240, 108, 1, '9', 'Premium'),
(1241, 108, 1, '10', 'Premium'),
(1242, 108, 1, '11', 'Premium'),
(1243, 108, 1, '12', 'Premium'),
(1244, 108, 1, '13', 'Premium'),
(1245, 108, 1, '14', 'Premium'),
(1246, 108, 1, '15', 'Premium'),
(1247, 108, 1, '16', 'Premium'),
(1248, 109, 1, '1', 'Premium'),
(1249, 109, 1, '2', 'Premium'),
(1250, 109, 1, '3', 'Premium'),
(1251, 109, 1, '4', 'Premium'),
(1252, 109, 1, '5', 'Premium'),
(1253, 109, 1, '6', 'Premium'),
(1254, 109, 1, '7', 'Premium'),
(1255, 109, 1, '8', 'Premium'),
(1256, 109, 1, '9', 'Premium'),
(1257, 109, 1, '10', 'Premium'),
(1258, 109, 1, '11', 'Premium'),
(1259, 109, 1, '12', 'Premium'),
(1260, 109, 1, '13', 'Premium'),
(1261, 109, 1, '14', 'Premium'),
(1262, 109, 1, '15', 'Premium'),
(1263, 109, 1, '16', 'Premium'),
(1264, 110, 1, '1', 'Premium'),
(1265, 110, 1, '2', 'Premium'),
(1266, 110, 1, '3', 'Premium'),
(1267, 110, 1, '4', 'Premium'),
(1268, 110, 1, '5', 'Premium'),
(1269, 110, 1, '6', 'Premium'),
(1270, 110, 1, '7', 'Premium'),
(1271, 110, 1, '8', 'Premium'),
(1272, 110, 1, '9', 'Premium'),
(1273, 110, 1, '10', 'Premium'),
(1274, 110, 1, '11', 'Premium'),
(1275, 110, 1, '12', 'Premium'),
(1276, 110, 1, '13', 'Premium'),
(1277, 110, 1, '14', 'Premium'),
(1278, 110, 1, '15', 'Premium'),
(1279, 110, 1, '16', 'Premium'),
(1280, 111, 1, '1', 'Premium'),
(1281, 111, 1, '2', 'Premium'),
(1282, 111, 1, '3', 'Premium'),
(1283, 111, 1, '4', 'Premium'),
(1284, 111, 1, '5', 'Premium'),
(1285, 111, 1, '6', 'Premium'),
(1286, 111, 1, '7', 'Premium'),
(1287, 111, 1, '8', 'Premium'),
(1288, 111, 1, '9', 'Premium'),
(1289, 111, 1, '10', 'Premium'),
(1290, 111, 1, '11', 'Premium'),
(1291, 111, 1, '12', 'Premium'),
(1292, 111, 1, '13', 'Premium'),
(1293, 111, 1, '14', 'Premium'),
(1294, 111, 1, '15', 'Premium'),
(1295, 111, 1, '16', 'Premium'),
(1296, 112, 1, '1', 'Premium'),
(1297, 112, 1, '2', 'Premium'),
(1298, 112, 1, '3', 'Premium'),
(1299, 112, 1, '4', 'Premium'),
(1300, 113, 1, '1', 'Deluxe'),
(1301, 113, 1, '2', 'Deluxe'),
(1302, 113, 1, '3', 'Deluxe'),
(1303, 113, 1, '4', 'Deluxe'),
(1304, 114, 1, '1', 'Deluxe'),
(1305, 114, 1, '2', 'Deluxe'),
(1306, 114, 1, '3', 'Deluxe'),
(1307, 114, 1, '4', 'Deluxe'),
(1308, 115, 1, '1', 'Premium'),
(1309, 115, 1, '2', 'Premium'),
(1310, 115, 1, '3', 'Premium'),
(1311, 115, 1, '4', 'Premium'),
(1312, 115, 1, '5', 'Premium'),
(1313, 115, 1, '6', 'Premium'),
(1314, 116, 1, '1', 'Premium'),
(1315, 116, 1, '2', 'Premium'),
(1316, 116, 1, '3', 'Premium'),
(1317, 116, 1, '4', 'Premium'),
(1318, 116, 1, '5', 'Premium'),
(1319, 116, 1, '6', 'Premium'),
(1320, 116, 1, '7', 'Premium'),
(1321, 116, 1, '8', 'Premium'),
(1322, 116, 1, '9', 'Premium'),
(1323, 116, 1, '10', 'Premium'),
(1324, 116, 1, '11', 'Premium'),
(1325, 116, 1, '12', 'Premium'),
(1326, 116, 1, '13', 'Premium'),
(1327, 116, 1, '14', 'Premium'),
(1328, 116, 1, '15', 'Premium'),
(1329, 116, 1, '16', 'Premium'),
(1330, 117, 1, '1', 'Premium'),
(1331, 117, 1, '2', 'Premium'),
(1332, 117, 1, '3', 'Premium'),
(1333, 117, 1, '4', 'Premium'),
(1334, 117, 1, '5', 'Premium'),
(1335, 117, 1, '6', 'Premium'),
(1336, 117, 1, '7', 'Premium'),
(1337, 117, 1, '8', 'Premium'),
(1338, 117, 1, '9', 'Premium'),
(1339, 117, 1, '10', 'Premium'),
(1340, 117, 1, '11', 'Premium'),
(1341, 117, 1, '12', 'Premium'),
(1342, 117, 1, '13', 'Premium'),
(1343, 117, 1, '14', 'Premium'),
(1344, 117, 1, '15', 'Premium'),
(1345, 117, 1, '16', 'Premium'),
(1346, 118, 1, '1', 'Premium'),
(1347, 118, 1, '2', 'Premium'),
(1348, 118, 1, '3', 'Premium'),
(1349, 118, 1, '4', 'Premium'),
(1350, 118, 1, '5', 'Premium'),
(1351, 118, 1, '6', 'Premium'),
(1352, 118, 1, '7', 'Premium'),
(1353, 118, 1, '8', 'Premium'),
(1354, 118, 1, '9', 'Premium'),
(1355, 118, 1, '10', 'Premium'),
(1356, 118, 1, '11', 'Premium'),
(1357, 118, 1, '12', 'Premium'),
(1358, 118, 1, '13', 'Premium'),
(1359, 118, 1, '14', 'Premium'),
(1360, 118, 1, '15', 'Premium'),
(1361, 118, 1, '16', 'Premium'),
(1362, 119, 1, '1', 'Premium'),
(1363, 119, 1, '2', 'Premium'),
(1364, 119, 1, '3', 'Premium'),
(1365, 119, 1, '4', 'Premium'),
(1366, 119, 1, '5', 'Premium'),
(1367, 119, 1, '6', 'Premium'),
(1368, 119, 1, '7', 'Premium'),
(1369, 119, 1, '8', 'Premium'),
(1370, 119, 1, '9', 'Premium'),
(1371, 119, 1, '10', 'Premium'),
(1372, 119, 1, '11', 'Premium'),
(1373, 119, 1, '12', 'Premium'),
(1374, 119, 1, '13', 'Premium'),
(1375, 119, 1, '14', 'Premium'),
(1376, 119, 1, '15', 'Premium'),
(1377, 119, 1, '16', 'Premium'),
(1378, 120, 1, '1', 'Deluxe'),
(1379, 120, 1, '2', 'Deluxe'),
(1380, 120, 1, '3', 'Deluxe'),
(1381, 120, 1, '4', 'Deluxe'),
(1382, 121, 1, '1', 'Standard'),
(1383, 121, 1, '2', 'Standard'),
(1384, 121, 1, '3', 'Standard'),
(1385, 121, 1, '4', 'Standard'),
(1386, 122, 1, '1', 'Standard'),
(1387, 122, 1, '2', 'Standard'),
(1388, 122, 1, '3', 'Standard'),
(1389, 122, 1, '4', 'Standard'),
(1390, 123, 1, '1', 'Deluxe'),
(1391, 123, 1, '2', 'Deluxe'),
(1392, 123, 1, '3', 'Deluxe'),
(1393, 123, 1, '4', 'Deluxe'),
(1394, 124, 1, '2', 'Premium'),
(1395, 124, 1, '3', 'Premium'),
(1396, 124, 1, '4', 'Premium'),
(1397, 124, 1, '5', 'Premium'),
(1398, 124, 1, '6', 'Premium'),
(1399, 124, 1, '7', 'Premium'),
(1400, 124, 1, '8', 'Premium'),
(1401, 124, 1, '9', 'Premium'),
(1402, 124, 1, '10', 'Premium'),
(1403, 124, 1, '11', 'Premium'),
(1404, 124, 1, '12', 'Premium'),
(1405, 124, 1, '13', 'Premium'),
(1406, 124, 1, '14', 'Premium'),
(1407, 124, 1, '15', 'Premium'),
(1408, 124, 1, '16', 'Premium'),
(1409, 125, 1, '2', 'Premium'),
(1410, 125, 1, '3', 'Premium'),
(1411, 125, 1, '4', 'Premium'),
(1412, 125, 1, '5', 'Premium'),
(1413, 125, 1, '6', 'Premium'),
(1414, 125, 1, '7', 'Premium'),
(1415, 125, 1, '8', 'Premium'),
(1416, 125, 1, '9', 'Premium'),
(1417, 125, 1, '10', 'Premium'),
(1418, 125, 1, '11', 'Premium'),
(1419, 125, 1, '12', 'Premium'),
(1420, 125, 1, '13', 'Premium'),
(1421, 125, 1, '14', 'Premium'),
(1422, 125, 1, '15', 'Premium'),
(1423, 125, 1, '16', 'Premium'),
(1424, 126, 1, '2', 'Premium'),
(1425, 126, 1, '3', 'Premium'),
(1426, 126, 1, '4', 'Premium'),
(1427, 126, 1, '5', 'Premium'),
(1428, 126, 1, '6', 'Premium'),
(1429, 126, 1, '7', 'Premium'),
(1430, 126, 1, '8', 'Premium'),
(1431, 126, 1, '9', 'Premium'),
(1432, 126, 1, '10', 'Premium'),
(1433, 126, 1, '11', 'Premium'),
(1434, 126, 1, '12', 'Premium'),
(1435, 126, 1, '13', 'Premium'),
(1436, 126, 1, '14', 'Premium'),
(1437, 126, 1, '15', 'Premium'),
(1438, 126, 1, '16', 'Premium'),
(1439, 124, 1, '1', 'Premium'),
(1440, 125, 1, '1', 'Premium'),
(1441, 126, 1, '1', 'Premium'),
(1442, 127, 1, '1', 'Premium'),
(1443, 127, 1, '2', 'Premium'),
(1444, 127, 1, '3', 'Premium'),
(1445, 127, 1, '4', 'Premium'),
(1446, 127, 1, '5', 'Premium'),
(1447, 127, 1, '6', 'Premium'),
(1448, 127, 1, '7', 'Premium'),
(1449, 127, 1, '8', 'Premium'),
(1450, 127, 1, '9', 'Premium'),
(1451, 127, 1, '10', 'Premium'),
(1452, 127, 1, '11', 'Premium'),
(1453, 127, 1, '12', 'Premium'),
(1454, 127, 1, '13', 'Premium'),
(1455, 127, 1, '14', 'Premium'),
(1456, 127, 1, '15', 'Premium'),
(1457, 127, 1, '16', 'Premium'),
(1458, 128, 1, '1', 'Premium'),
(1459, 128, 1, '2', 'Premium'),
(1460, 128, 1, '3', 'Premium'),
(1461, 128, 1, '4', 'Premium'),
(1462, 128, 1, '5', 'Premium'),
(1463, 128, 1, '6', 'Premium'),
(1464, 128, 1, '7', 'Premium'),
(1465, 128, 1, '8', 'Premium'),
(1466, 129, 1, '1', 'Deluxe'),
(1467, 129, 1, '2', 'Deluxe'),
(1468, 129, 1, '3', 'Deluxe'),
(1469, 129, 1, '4', 'Deluxe'),
(1470, 130, 1, '1', 'Deluxe'),
(1471, 130, 1, '2', 'Deluxe'),
(1472, 130, 1, '3', 'Deluxe'),
(1473, 130, 1, '4', 'Deluxe'),
(1474, 131, 1, '1', 'Premium'),
(1475, 131, 1, '2', 'Premium'),
(1476, 131, 1, '3', 'Premium'),
(1477, 131, 1, '4', 'Premium'),
(1478, 131, 1, '5', 'Premium'),
(1479, 131, 1, '6', 'Premium'),
(1480, 131, 1, '7', 'Premium'),
(1481, 131, 1, '8', 'Premium'),
(1482, 132, 1, '1', 'Premium'),
(1483, 132, 1, '2', 'Premium'),
(1484, 132, 1, '3', 'Premium'),
(1485, 132, 1, '4', 'Premium'),
(1486, 132, 1, '5', 'Premium'),
(1487, 132, 1, '6', 'Premium'),
(1488, 132, 1, '7', 'Premium'),
(1489, 132, 1, '8', 'Premium'),
(1490, 132, 1, '9', 'Premium'),
(1491, 132, 1, '10', 'Premium'),
(1492, 132, 1, '11', 'Premium'),
(1493, 132, 1, '12', 'Premium'),
(1494, 132, 1, '13', 'Premium'),
(1495, 132, 1, '14', 'Premium'),
(1496, 132, 1, '15', 'Premium'),
(1497, 132, 1, '16', 'Premium'),
(1498, 133, 1, '1', 'Premium'),
(1499, 133, 1, '2', 'Premium'),
(1500, 133, 1, '3', 'Premium'),
(1501, 133, 1, '4', 'Premium'),
(1502, 133, 1, '5', 'Premium'),
(1503, 133, 1, '6', 'Premium'),
(1504, 133, 1, '7', 'Premium'),
(1505, 133, 1, '8', 'Premium'),
(1506, 133, 1, '9', 'Premium'),
(1507, 133, 1, '10', 'Premium'),
(1508, 133, 1, '11', 'Premium'),
(1509, 133, 1, '12', 'Premium'),
(1510, 133, 1, '13', 'Premium'),
(1511, 133, 1, '14', 'Premium'),
(1512, 133, 1, '15', 'Premium'),
(1513, 133, 1, '16', 'Premium'),
(1514, 134, 1, '1', 'Premium'),
(1515, 134, 1, '2', 'Premium'),
(1516, 134, 1, '3', 'Premium'),
(1517, 134, 1, '4', 'Premium'),
(1518, 134, 1, '5', 'Premium'),
(1519, 134, 1, '6', 'Premium'),
(1520, 134, 1, '7', 'Premium'),
(1521, 134, 1, '8', 'Premium'),
(1522, 134, 1, '9', 'Premium'),
(1523, 134, 1, '10', 'Premium'),
(1524, 134, 1, '11', 'Premium'),
(1525, 134, 1, '12', 'Premium'),
(1526, 134, 1, '13', 'Premium'),
(1527, 134, 1, '14', 'Premium'),
(1528, 134, 1, '15', 'Premium'),
(1529, 134, 1, '16', 'Premium'),
(1530, 135, 1, '1', 'Premium'),
(1531, 135, 1, '2', 'Premium'),
(1532, 135, 1, '3', 'Premium'),
(1533, 135, 1, '4', 'Premium'),
(1534, 135, 1, '5', 'Premium'),
(1535, 135, 1, '6', 'Premium'),
(1536, 135, 1, '7', 'Premium'),
(1537, 135, 1, '8', 'Premium'),
(1538, 135, 1, '9', 'Premium'),
(1539, 135, 1, '10', 'Premium'),
(1540, 135, 1, '11', 'Premium'),
(1541, 135, 1, '12', 'Premium'),
(1542, 135, 1, '13', 'Premium'),
(1543, 135, 1, '14', 'Premium'),
(1544, 135, 1, '15', 'Premium'),
(1545, 135, 1, '16', 'Premium'),
(1546, 136, 1, '1', 'Deluxe'),
(1547, 136, 1, '2', 'Deluxe'),
(1548, 136, 1, '3', 'Deluxe'),
(1549, 136, 1, '4', 'Deluxe'),
(1550, 137, 1, '1', 'Standard'),
(1551, 137, 1, '2', 'Standard'),
(1552, 137, 1, '3', 'Standard'),
(1553, 137, 1, '4', 'Standard'),
(1554, 138, 1, '1', 'Standard'),
(1555, 138, 1, '2', 'Standard'),
(1556, 138, 1, '3', 'Standard'),
(1557, 138, 1, '4', 'Standard'),
(1558, 139, 1, '1', 'Deluxe'),
(1559, 139, 1, '2', 'Deluxe'),
(1560, 139, 1, '3', 'Deluxe'),
(1561, 139, 1, '4', 'Deluxe'),
(1562, 140, 1, '1', 'Premium'),
(1563, 140, 1, '2', 'Premium'),
(1564, 140, 1, '3', 'Premium'),
(1565, 140, 1, '4', 'Premium'),
(1566, 140, 1, '5', 'Premium'),
(1567, 140, 1, '6', 'Premium'),
(1568, 140, 1, '7', 'Premium'),
(1569, 140, 1, '8', 'Premium'),
(1570, 140, 1, '9', 'Premium'),
(1571, 140, 1, '10', 'Premium'),
(1572, 140, 1, '11', 'Premium'),
(1573, 140, 1, '12', 'Premium'),
(1574, 140, 1, '13', 'Premium'),
(1575, 140, 1, '14', 'Premium'),
(1576, 140, 1, '15', 'Premium'),
(1577, 140, 1, '16', 'Premium'),
(1578, 141, 1, '1', 'Premium'),
(1579, 141, 1, '2', 'Premium'),
(1580, 141, 1, '3', 'Premium'),
(1581, 141, 1, '4', 'Premium'),
(1582, 141, 1, '5', 'Premium'),
(1583, 141, 1, '6', 'Premium'),
(1584, 141, 1, '7', 'Premium'),
(1585, 141, 1, '8', 'Premium'),
(1586, 141, 1, '9', 'Premium'),
(1587, 141, 1, '10', 'Premium'),
(1588, 141, 1, '11', 'Premium'),
(1589, 141, 1, '12', 'Premium'),
(1590, 141, 1, '13', 'Premium'),
(1591, 141, 1, '14', 'Premium'),
(1592, 141, 1, '15', 'Premium'),
(1593, 141, 1, '16', 'Premium'),
(1594, 142, 1, '1', 'Premium'),
(1595, 142, 1, '2', 'Premium'),
(1596, 142, 1, '3', 'Premium'),
(1597, 142, 1, '4', 'Premium'),
(1598, 142, 1, '5', 'Premium'),
(1599, 142, 1, '6', 'Premium'),
(1600, 142, 1, '7', 'Premium'),
(1601, 142, 1, '8', 'Premium'),
(1602, 142, 1, '9', 'Premium'),
(1603, 142, 1, '10', 'Premium'),
(1604, 142, 1, '11', 'Premium'),
(1605, 142, 1, '12', 'Premium'),
(1606, 142, 1, '13', 'Premium'),
(1607, 142, 1, '14', 'Premium'),
(1608, 142, 1, '15', 'Premium'),
(1609, 142, 1, '16', 'Premium'),
(1610, 143, 1, '1', 'Premium'),
(1611, 143, 1, '2', 'Premium'),
(1612, 143, 1, '3', 'Premium'),
(1613, 143, 1, '4', 'Premium'),
(1614, 143, 1, '5', 'Premium'),
(1615, 143, 1, '6', 'Premium'),
(1616, 143, 1, '7', 'Premium'),
(1617, 143, 1, '8', 'Premium'),
(1618, 143, 1, '9', 'Premium'),
(1619, 143, 1, '10', 'Premium'),
(1620, 143, 1, '11', 'Premium'),
(1621, 143, 1, '12', 'Premium'),
(1622, 143, 1, '13', 'Premium'),
(1623, 143, 1, '14', 'Premium'),
(1624, 143, 1, '15', 'Premium'),
(1625, 143, 1, '16', 'Premium'),
(1626, 144, 1, '1', 'Premium'),
(1627, 144, 1, '2', 'Premium'),
(1628, 144, 1, '3', 'Premium'),
(1629, 144, 1, '4', 'Premium'),
(1630, 144, 1, '5', 'Premium'),
(1631, 144, 1, '6', 'Premium'),
(1632, 144, 1, '7', 'Premium'),
(1633, 144, 1, '8', 'Premium'),
(1634, 144, 1, '9', 'Premium'),
(1635, 144, 1, '10', 'Premium'),
(1636, 145, 1, '1', 'Deluxe'),
(1637, 145, 1, '2', 'Deluxe'),
(1638, 145, 1, '3', 'Deluxe'),
(1639, 145, 1, '4', 'Deluxe'),
(1640, 146, 1, '1', 'Deluxe'),
(1641, 146, 1, '2', 'Deluxe'),
(1642, 146, 1, '3', 'Deluxe'),
(1643, 146, 1, '4', 'Deluxe'),
(1644, 146, 1, '5', 'Deluxe'),
(1645, 146, 1, '6', 'Deluxe'),
(1646, 146, 1, '7', 'Deluxe'),
(1647, 146, 1, '8', 'Deluxe'),
(1648, 146, 1, '9', 'Deluxe'),
(1649, 146, 1, '10', 'Deluxe'),
(1650, 146, 1, '11', 'Deluxe'),
(1651, 146, 1, '12', 'Deluxe'),
(1652, 146, 1, '13', 'Deluxe'),
(1653, 146, 1, '14', 'Deluxe'),
(1654, 146, 1, '15', 'Deluxe'),
(1655, 146, 1, '16', 'Deluxe'),
(1656, 146, 1, '17', 'Deluxe'),
(1657, 146, 1, '18', 'Deluxe'),
(1658, 147, 1, '1', 'Deluxe'),
(1659, 147, 1, '2', 'Deluxe'),
(1660, 147, 1, '3', 'Deluxe'),
(1661, 147, 1, '4', 'Deluxe'),
(1662, 147, 1, '5', 'Deluxe'),
(1663, 147, 1, '6', 'Deluxe'),
(1664, 147, 1, '7', 'Deluxe'),
(1665, 147, 1, '8', 'Deluxe'),
(1666, 147, 1, '9', 'Deluxe'),
(1667, 147, 1, '10', 'Deluxe'),
(1668, 147, 1, '11', 'Deluxe'),
(1669, 147, 1, '12', 'Deluxe'),
(1670, 147, 1, '13', 'Deluxe'),
(1671, 147, 1, '14', 'Deluxe'),
(1672, 147, 1, '15', 'Deluxe'),
(1673, 147, 1, '16', 'Deluxe'),
(1674, 148, 1, '1', 'Deluxe'),
(1675, 148, 1, '2', 'Deluxe'),
(1676, 148, 1, '3', 'Deluxe'),
(1677, 148, 1, '4', 'Deluxe'),
(1678, 148, 1, '5', 'Deluxe'),
(1679, 148, 1, '6', 'Deluxe'),
(1680, 148, 1, '7', 'Deluxe'),
(1681, 148, 1, '8', 'Deluxe'),
(1682, 148, 1, '9', 'Deluxe'),
(1683, 148, 1, '10', 'Deluxe'),
(1684, 148, 1, '11', 'Deluxe'),
(1685, 148, 1, '12', 'Deluxe'),
(1686, 148, 1, '13', 'Deluxe'),
(1687, 148, 1, '14', 'Deluxe'),
(1688, 148, 1, '15', 'Deluxe'),
(1689, 148, 1, '16', 'Deluxe'),
(1690, 149, 1, '1', 'Deluxe'),
(1691, 149, 1, '2', 'Deluxe'),
(1692, 149, 1, '3', 'Deluxe'),
(1693, 149, 1, '4', 'Deluxe'),
(1694, 149, 1, '5', 'Deluxe'),
(1695, 149, 1, '6', 'Deluxe'),
(1696, 149, 1, '7', 'Deluxe'),
(1697, 149, 1, '8', 'Deluxe'),
(1698, 149, 1, '9', 'Deluxe'),
(1699, 149, 1, '10', 'Deluxe'),
(1700, 149, 1, '11', 'Deluxe'),
(1701, 149, 1, '12', 'Deluxe'),
(1702, 149, 1, '13', 'Deluxe'),
(1703, 149, 1, '14', 'Deluxe'),
(1704, 149, 1, '15', 'Deluxe'),
(1705, 149, 1, '16', 'Deluxe'),
(1706, 150, 1, '1', 'Deluxe'),
(1707, 150, 1, '2', 'Deluxe'),
(1708, 150, 1, '3', 'Deluxe'),
(1709, 150, 1, '4', 'Deluxe'),
(1710, 150, 1, '5', 'Deluxe'),
(1711, 150, 1, '6', 'Deluxe'),
(1712, 150, 1, '7', 'Deluxe'),
(1713, 150, 1, '8', 'Deluxe'),
(1714, 150, 1, '9', 'Deluxe'),
(1715, 150, 1, '10', 'Deluxe'),
(1716, 150, 1, '11', 'Deluxe'),
(1717, 150, 1, '12', 'Deluxe'),
(1718, 150, 1, '13', 'Deluxe'),
(1719, 150, 1, '14', 'Deluxe'),
(1720, 150, 1, '15', 'Deluxe'),
(1721, 150, 1, '16', 'Deluxe'),
(1722, 151, 1, '1', 'Standard'),
(1723, 151, 1, '2', 'Standard'),
(1724, 151, 1, '3', 'Standard'),
(1725, 151, 1, '4', 'Standard'),
(1726, 81, 1, '1', 'Standard'),
(1727, 82, 1, '1', 'Standard'),
(1728, 83, 1, '1', 'Standard'),
(1729, 84, 1, '1', 'Standard'),
(1730, 85, 1, '1', 'Deluxe'),
(1731, 86, 1, '1', 'Deluxe'),
(1732, 87, 1, '1', 'Deluxe'),
(1733, 89, 1, '1', 'Deluxe'),
(1734, 88, 1, '1', 'Premium'),
(1735, 135, 1, '17', 'Premium'),
(1736, 152, 1, '1', 'Standard');
INSERT INTO `tbl_lots` (`lot_id`, `block_id`, `site_id`, `lot_name`, `lawn_type`) VALUES
(1737, 152, 1, '2', 'Standard'),
(1738, 152, 1, '3', 'Standard'),
(1739, 152, 1, '4', 'Standard'),
(1740, 152, 1, '5', 'Standard'),
(1741, 152, 1, '6', 'Standard'),
(1742, 152, 1, '7', 'Standard'),
(1743, 152, 1, '8', 'Standard'),
(1744, 152, 1, '9', 'Standard'),
(1745, 152, 1, '10', 'Standard'),
(1746, 152, 1, '11', 'Standard'),
(1747, 152, 1, '12', 'Standard'),
(1748, 152, 1, '13', 'Standard'),
(1749, 153, 1, '1', 'Standard'),
(1750, 153, 1, '2', 'Standard'),
(1751, 153, 1, '3', 'Standard'),
(1752, 153, 1, '4', 'Standard'),
(1753, 154, 1, '1', 'Standard'),
(1754, 154, 1, '2', 'Standard'),
(1755, 154, 1, '3', 'Standard'),
(1756, 154, 1, '4', 'Standard'),
(1757, 154, 1, '5', 'Standard'),
(1758, 154, 1, '6', 'Standard'),
(1759, 154, 1, '7', 'Standard'),
(1760, 154, 1, '8', 'Standard'),
(1761, 154, 1, '9', 'Standard'),
(1762, 154, 1, '10', 'Standard'),
(1763, 154, 1, '11', 'Standard'),
(1764, 155, 1, '1', 'Standard'),
(1765, 155, 1, '2', 'Standard'),
(1766, 155, 1, '3', 'Standard'),
(1767, 155, 1, '4', 'Standard'),
(1768, 155, 1, '5', 'Standard'),
(1769, 155, 1, '6', 'Standard'),
(1770, 156, 1, '1', 'Standard'),
(1771, 156, 1, '2', 'Standard'),
(1772, 156, 1, '3', 'Standard'),
(1773, 156, 1, '4', 'Standard'),
(1774, 156, 1, '5', 'Standard'),
(1775, 156, 1, '6', 'Standard'),
(1776, 156, 1, '7', 'Standard'),
(1777, 156, 1, '8', 'Standard'),
(1778, 156, 1, '9', 'Standard'),
(1779, 156, 1, '10', 'Standard'),
(1780, 156, 1, '11', 'Standard'),
(1781, 156, 1, '12', 'Standard'),
(1782, 156, 1, '13', 'Standard'),
(1783, 156, 1, '14', 'Standard'),
(1784, 156, 1, '15', 'Standard'),
(1785, 156, 1, '16', 'Standard'),
(1786, 157, 1, '1', 'Standard'),
(1787, 157, 1, '2', 'Standard'),
(1788, 157, 1, '3', 'Standard'),
(1789, 157, 1, '4', 'Standard'),
(1790, 157, 1, '5', 'Standard'),
(1791, 157, 1, '6', 'Standard'),
(1792, 157, 1, '7', 'Standard'),
(1793, 157, 1, '8', 'Standard'),
(1794, 157, 1, '9', 'Standard'),
(1795, 157, 1, '10', 'Standard'),
(1796, 157, 1, '11', 'Standard'),
(1797, 157, 1, '12', 'Standard'),
(1798, 157, 1, '13', 'Standard'),
(1799, 157, 1, '14', 'Standard'),
(1800, 157, 1, '15', 'Standard'),
(1801, 157, 1, '16', 'Standard'),
(1802, 158, 1, '1', 'Standard'),
(1803, 158, 1, '2', 'Standard'),
(1804, 158, 1, '3', 'Standard'),
(1805, 158, 1, '4', 'Standard'),
(1806, 158, 1, '5', 'Standard'),
(1807, 158, 1, '6', 'Standard'),
(1808, 158, 1, '7', 'Standard'),
(1809, 158, 1, '8', 'Standard'),
(1810, 158, 1, '9', 'Standard'),
(1811, 159, 1, '1', 'Standard'),
(1812, 159, 1, '2', 'Standard'),
(1813, 159, 1, '3', 'Standard'),
(1814, 159, 1, '4', 'Standard'),
(1815, 159, 1, '5', 'Standard'),
(1816, 159, 1, '6', 'Standard'),
(1817, 159, 1, '7', 'Standard'),
(1818, 159, 1, '8', 'Standard'),
(1819, 159, 1, '9', 'Standard'),
(1820, 159, 1, '10', 'Standard'),
(1821, 160, 1, '1', 'Standard'),
(1822, 160, 1, '2', 'Standard'),
(1823, 160, 1, '3', 'Standard'),
(1824, 161, 1, '1', 'Deluxe'),
(1825, 161, 1, '2', 'Deluxe'),
(1826, 161, 1, '3', 'Deluxe'),
(1827, 161, 1, '4', 'Deluxe'),
(1828, 161, 1, '5', 'Deluxe'),
(1829, 161, 1, '6', 'Deluxe'),
(1830, 161, 1, '7', 'Deluxe'),
(1831, 161, 1, '8', 'Deluxe'),
(1832, 161, 1, '9', 'Deluxe'),
(1833, 161, 1, '10', 'Deluxe'),
(1834, 161, 1, '11', 'Deluxe'),
(1835, 161, 1, '12', 'Deluxe'),
(1836, 161, 1, '13', 'Deluxe'),
(1837, 161, 1, '14', 'Deluxe'),
(1838, 161, 1, '15', 'Deluxe'),
(1839, 161, 1, '16', 'Deluxe'),
(1840, 161, 1, '17', 'Deluxe'),
(1841, 161, 1, '18', 'Deluxe'),
(1842, 161, 1, '19', 'Deluxe'),
(1843, 162, 1, '1', 'Deluxe'),
(1844, 162, 1, '2', 'Deluxe'),
(1845, 162, 1, '3', 'Deluxe'),
(1846, 162, 1, '4', 'Deluxe'),
(1847, 162, 1, '5', 'Deluxe'),
(1848, 162, 1, '6', 'Deluxe'),
(1849, 162, 1, '7', 'Deluxe'),
(1850, 162, 1, '8', 'Deluxe'),
(1851, 162, 1, '9', 'Deluxe'),
(1852, 162, 1, '10', 'Deluxe'),
(1853, 162, 1, '11', 'Deluxe'),
(1854, 162, 1, '12', 'Deluxe'),
(1855, 162, 1, '13', 'Deluxe'),
(1856, 162, 1, '14', 'Deluxe'),
(1857, 162, 1, '15', 'Deluxe'),
(1858, 162, 1, '16', 'Deluxe'),
(1859, 163, 1, '1', 'Deluxe'),
(1860, 163, 1, '2', 'Deluxe'),
(1861, 163, 1, '3', 'Deluxe'),
(1862, 163, 1, '4', 'Deluxe'),
(1863, 163, 1, '5', 'Deluxe'),
(1864, 163, 1, '6', 'Deluxe'),
(1865, 163, 1, '7', 'Deluxe'),
(1866, 163, 1, '8', 'Deluxe'),
(1867, 163, 1, '9', 'Deluxe'),
(1868, 163, 1, '10', 'Deluxe'),
(1869, 163, 1, '11', 'Deluxe'),
(1870, 163, 1, '12', 'Deluxe'),
(1871, 163, 1, '13', 'Deluxe'),
(1872, 163, 1, '14', 'Deluxe'),
(1873, 163, 1, '15', 'Deluxe'),
(1874, 163, 1, '16', 'Deluxe'),
(1891, 164, 1, '1', 'Deluxe'),
(1892, 164, 1, '2', 'Deluxe'),
(1893, 164, 1, '3', 'Deluxe'),
(1894, 164, 1, '4', 'Deluxe'),
(1895, 164, 1, '5', 'Deluxe'),
(1896, 164, 1, '6', 'Deluxe'),
(1897, 165, 1, '1', 'Deluxe'),
(1898, 165, 1, '2', 'Deluxe'),
(1899, 165, 1, '3', 'Deluxe'),
(1900, 165, 1, '4', 'Deluxe'),
(1901, 165, 1, '5', 'Deluxe'),
(1902, 165, 1, '6', 'Deluxe'),
(1903, 165, 1, '7', 'Deluxe'),
(1904, 165, 1, '8', 'Deluxe'),
(1905, 165, 1, '9', 'Deluxe'),
(1906, 165, 1, '10', 'Deluxe'),
(1907, 165, 1, '11', 'Deluxe'),
(1908, 165, 1, '12', 'Deluxe'),
(1909, 165, 1, '13', 'Deluxe'),
(1910, 165, 1, '14', 'Deluxe'),
(1911, 165, 1, '15', 'Deluxe'),
(1912, 165, 1, '16', 'Deluxe'),
(1913, 165, 1, '17', 'Deluxe'),
(1914, 165, 1, '18', 'Deluxe'),
(1915, 165, 1, '19', 'Deluxe'),
(1916, 165, 1, '20', 'Deluxe'),
(1917, 166, 1, '1', 'Premium'),
(1918, 166, 1, '2', 'Premium'),
(1919, 166, 1, '3', 'Premium'),
(1920, 166, 1, '4', 'Premium'),
(1921, 166, 1, '5', 'Premium'),
(1922, 166, 1, '6', 'Premium'),
(1923, 166, 1, '7', 'Premium'),
(1924, 166, 1, '8', 'Premium'),
(1925, 166, 1, '9', 'Premium'),
(1926, 167, 1, '1', 'Deluxe'),
(1927, 167, 1, '2', 'Deluxe'),
(1928, 167, 1, '3', 'Deluxe'),
(1929, 167, 1, '4', 'Deluxe'),
(1930, 168, 1, '1', 'Standard'),
(1931, 168, 1, '2', 'Standard'),
(1932, 168, 1, '3', 'Standard'),
(1933, 168, 1, '4', 'Standard'),
(1934, 169, 1, '1', 'Standard'),
(1935, 169, 1, '2', 'Standard'),
(1936, 169, 1, '3', 'Standard'),
(1937, 169, 1, '4', 'Standard'),
(1938, 170, 1, '1', 'Deluxe'),
(1939, 170, 1, '2', 'Deluxe'),
(1940, 170, 1, '3', 'Deluxe'),
(1941, 170, 1, '4', 'Deluxe'),
(1942, 171, 1, '1', 'Premium'),
(1943, 171, 1, '2', 'Premium'),
(1944, 171, 1, '3', 'Premium'),
(1945, 171, 1, '4', 'Premium'),
(1946, 171, 1, '5', 'Premium'),
(1947, 171, 1, '6', 'Premium'),
(1948, 171, 1, '7', 'Premium'),
(1949, 171, 1, '8', 'Premium'),
(1950, 172, 1, '1', 'Premium'),
(1951, 172, 1, '2', 'Premium'),
(1952, 172, 1, '3', 'Premium'),
(1953, 172, 1, '4', 'Premium'),
(1954, 172, 1, '5', 'Premium'),
(1955, 172, 1, '6', 'Premium'),
(1956, 172, 1, '7', 'Premium'),
(1957, 172, 1, '8', 'Premium'),
(1958, 172, 1, '9', 'Premium'),
(1959, 172, 1, '10', 'Premium'),
(1960, 172, 1, '11', 'Premium'),
(1961, 172, 1, '12', 'Premium'),
(1962, 172, 1, '13', 'Premium'),
(1963, 172, 1, '14', 'Premium'),
(1964, 172, 1, '15', 'Premium'),
(1965, 172, 1, '16', 'Premium'),
(1966, 173, 1, '1', 'Premium'),
(1967, 173, 1, '2', 'Premium'),
(1968, 173, 1, '3', 'Premium'),
(1969, 173, 1, '4', 'Premium'),
(1970, 173, 1, '5', 'Premium'),
(1971, 173, 1, '6', 'Premium'),
(1972, 173, 1, '7', 'Premium'),
(1973, 173, 1, '8', 'Premium'),
(1974, 173, 1, '9', 'Premium'),
(1975, 173, 1, '10', 'Premium'),
(1976, 173, 1, '11', 'Premium'),
(1977, 173, 1, '12', 'Premium'),
(1978, 173, 1, '13', 'Premium'),
(1979, 173, 1, '14', 'Premium'),
(1980, 173, 1, '15', 'Premium'),
(1981, 173, 1, '16', 'Premium'),
(1982, 174, 1, '1', 'Premium'),
(1983, 174, 1, '2', 'Premium'),
(1984, 174, 1, '3', 'Premium'),
(1985, 174, 1, '4', 'Premium'),
(1986, 174, 1, '5', 'Premium'),
(1987, 174, 1, '6', 'Premium'),
(1988, 174, 1, '7', 'Premium'),
(1989, 174, 1, '8', 'Premium'),
(1990, 174, 1, '9', 'Premium'),
(1991, 174, 1, '10', 'Premium'),
(1992, 174, 1, '11', 'Premium'),
(1993, 174, 1, '12', 'Premium'),
(1994, 174, 1, '13', 'Premium'),
(1995, 174, 1, '14', 'Premium'),
(1996, 174, 1, '15', 'Premium'),
(1997, 174, 1, '16', 'Premium'),
(1998, 175, 1, '1', 'Premium'),
(1999, 175, 1, '2', 'Premium'),
(2000, 175, 1, '3', 'Premium'),
(2001, 175, 1, '4', 'Premium'),
(2002, 175, 1, '5', 'Premium'),
(2003, 175, 1, '6', 'Premium'),
(2004, 175, 1, '7', 'Premium'),
(2005, 175, 1, '8', 'Premium'),
(2006, 175, 1, '9', 'Premium'),
(2007, 176, 1, '1', 'Deluxe'),
(2008, 176, 1, '2', 'Deluxe'),
(2009, 176, 1, '3', 'Deluxe'),
(2010, 177, 1, '1', 'Standard'),
(2011, 177, 1, '2', 'Standard'),
(2012, 177, 1, '3', 'Standard'),
(2013, 177, 1, '4', 'Standard'),
(2014, 177, 1, '5', 'Standard'),
(2015, 177, 1, '6', 'Standard'),
(2016, 177, 1, '7', 'Standard'),
(2017, 177, 1, '8', 'Standard'),
(2018, 178, 1, '1', 'Standard'),
(2019, 178, 1, '2', 'Standard'),
(2020, 178, 1, '3', 'Standard'),
(2021, 178, 1, '4', 'Standard'),
(2022, 179, 1, '1', 'Deluxe'),
(2023, 179, 1, '2', 'Deluxe'),
(2024, 179, 1, '3', 'Deluxe'),
(2025, 179, 1, '4', 'Deluxe'),
(2026, 180, 1, '1', 'Premium'),
(2027, 180, 1, '2', 'Premium'),
(2028, 180, 1, '3', 'Premium'),
(2029, 180, 1, '4', 'Premium'),
(2030, 180, 1, '5', 'Premium'),
(2031, 180, 1, '6', 'Premium'),
(2032, 180, 1, '7', 'Premium'),
(2033, 180, 1, '8', 'Premium'),
(2034, 180, 1, '9', 'Premium'),
(2035, 180, 1, '10', 'Premium'),
(2036, 180, 1, '11', 'Premium'),
(2037, 180, 1, '12', 'Premium'),
(2038, 180, 1, '13', 'Premium'),
(2039, 180, 1, '14', 'Premium'),
(2040, 180, 1, '15', 'Premium'),
(2041, 180, 1, '16', 'Premium'),
(2042, 181, 1, '1', 'Premium'),
(2043, 181, 1, '2', 'Premium'),
(2044, 181, 1, '3', 'Premium'),
(2045, 181, 1, '4', 'Premium'),
(2046, 181, 1, '5', 'Premium'),
(2047, 181, 1, '6', 'Premium'),
(2048, 181, 1, '7', 'Premium'),
(2049, 181, 1, '8', 'Premium'),
(2050, 181, 1, '9', 'Premium'),
(2051, 181, 1, '10', 'Premium'),
(2052, 181, 1, '11', 'Premium'),
(2053, 181, 1, '12', 'Premium'),
(2054, 181, 1, '13', 'Premium'),
(2055, 181, 1, '14', 'Premium'),
(2056, 181, 1, '15', 'Premium'),
(2057, 181, 1, '16', 'Premium'),
(2058, 182, 1, '1', 'Premium'),
(2059, 182, 1, '2', 'Premium'),
(2060, 182, 1, '3', 'Premium'),
(2061, 182, 1, '4', 'Premium'),
(2062, 182, 1, '5', 'Premium'),
(2063, 182, 1, '6', 'Premium'),
(2064, 182, 1, '7', 'Premium'),
(2065, 182, 1, '8', 'Premium'),
(2066, 182, 1, '9', 'Premium'),
(2067, 182, 1, '10', 'Premium'),
(2068, 182, 1, '11', 'Premium'),
(2069, 182, 1, '12', 'Premium'),
(2070, 182, 1, '13', 'Premium'),
(2071, 182, 1, '14', 'Premium'),
(2072, 182, 1, '15', 'Premium'),
(2073, 182, 1, '16', 'Premium'),
(2074, 183, 1, '1', 'Premium'),
(2075, 183, 1, '2', 'Premium'),
(2076, 183, 1, '3', 'Premium'),
(2077, 183, 1, '4', 'Premium'),
(2078, 183, 1, '5', 'Premium'),
(2079, 183, 1, '6', 'Premium'),
(2080, 183, 1, '7', 'Premium'),
(2081, 183, 1, '8', 'Premium'),
(2082, 183, 1, '9', 'Premium'),
(2083, 183, 1, '10', 'Premium'),
(2084, 183, 1, '11', 'Premium'),
(2085, 183, 1, '12', 'Premium'),
(2086, 183, 1, '13', 'Premium'),
(2087, 183, 1, '14', 'Premium'),
(2088, 183, 1, '15', 'Premium'),
(2089, 183, 1, '16', 'Premium'),
(2090, 184, 1, '1', 'Premium'),
(2091, 184, 1, '2', 'Premium'),
(2092, 184, 1, '3', 'Premium'),
(2093, 184, 1, '4', 'Premium'),
(2094, 184, 1, '5', 'Premium'),
(2095, 184, 1, '6', 'Premium'),
(2096, 184, 1, '7', 'Premium'),
(2097, 184, 1, '8', 'Premium'),
(2098, 184, 1, '9', 'Premium'),
(2099, 184, 1, '10', 'Premium'),
(2100, 184, 1, '11', 'Premium'),
(2101, 184, 1, '12', 'Premium'),
(2102, 184, 1, '13', 'Premium'),
(2103, 184, 1, '14', 'Premium'),
(2104, 185, 1, '1', 'Deluxe'),
(2105, 185, 1, '2', 'Deluxe'),
(2106, 185, 1, '3', 'Deluxe'),
(2107, 185, 1, '4', 'Deluxe'),
(2108, 186, 1, '1', 'Standard'),
(2109, 186, 1, '2', 'Standard'),
(2110, 186, 1, '3', 'Standard'),
(2111, 186, 1, '4', 'Standard'),
(2112, 187, 1, '1', 'Standard'),
(2113, 187, 1, '2', 'Standard'),
(2114, 187, 1, '3', 'Standard'),
(2115, 187, 1, '4', 'Standard'),
(2116, 188, 1, '1', 'Deluxe'),
(2117, 188, 1, '2', 'Deluxe'),
(2118, 188, 1, '3', 'Deluxe'),
(2119, 188, 1, '4', 'Deluxe'),
(2120, 189, 1, '1', 'Premium'),
(2121, 189, 1, '2', 'Premium'),
(2122, 189, 1, '3', 'Premium'),
(2123, 189, 1, '4', 'Premium'),
(2124, 189, 1, '5', 'Premium'),
(2125, 189, 1, '6', 'Premium'),
(2126, 189, 1, '7', 'Premium'),
(2127, 189, 1, '8', 'Premium'),
(2128, 189, 1, '9', 'Premium'),
(2129, 189, 1, '10', 'Premium'),
(2130, 189, 1, '11', 'Premium'),
(2131, 189, 1, '12', 'Premium'),
(2132, 189, 1, '13', 'Premium'),
(2133, 189, 1, '14', 'Premium'),
(2134, 190, 1, '1', 'Premium'),
(2135, 190, 1, '2', 'Premium'),
(2136, 190, 1, '3', 'Premium'),
(2137, 190, 1, '4', 'Premium'),
(2138, 190, 1, '5', 'Premium'),
(2139, 190, 1, '6', 'Premium'),
(2140, 190, 1, '7', 'Premium'),
(2141, 190, 1, '8', 'Premium'),
(2142, 190, 1, '9', 'Premium'),
(2143, 190, 1, '10', 'Premium'),
(2144, 190, 1, '11', 'Premium'),
(2145, 190, 1, '12', 'Premium'),
(2146, 190, 1, '13', 'Premium'),
(2147, 190, 1, '14', 'Premium'),
(2148, 190, 1, '15', 'Premium'),
(2149, 190, 1, '16', 'Premium'),
(2150, 191, 1, '1', 'Premium'),
(2151, 191, 1, '2', 'Premium'),
(2152, 191, 1, '3', 'Premium'),
(2153, 191, 1, '4', 'Premium'),
(2154, 191, 1, '5', 'Premium'),
(2155, 191, 1, '6', 'Premium'),
(2156, 191, 1, '7', 'Premium'),
(2157, 191, 1, '8', 'Premium'),
(2158, 191, 1, '9', 'Premium'),
(2159, 191, 1, '10', 'Premium'),
(2160, 191, 1, '11', 'Premium'),
(2161, 191, 1, '12', 'Premium'),
(2162, 191, 1, '13', 'Premium'),
(2163, 191, 1, '14', 'Premium'),
(2164, 191, 1, '15', 'Premium'),
(2165, 191, 1, '16', 'Premium'),
(2166, 192, 1, '1', 'Premium'),
(2167, 192, 1, '2', 'Premium'),
(2168, 192, 1, '3', 'Premium'),
(2169, 192, 1, '4', 'Premium'),
(2170, 192, 1, '5', 'Premium'),
(2171, 192, 1, '6', 'Premium'),
(2172, 192, 1, '7', 'Premium'),
(2173, 192, 1, '8', 'Premium'),
(2174, 192, 1, '9', 'Premium'),
(2175, 192, 1, '10', 'Premium'),
(2176, 192, 1, '11', 'Premium'),
(2177, 192, 1, '12', 'Premium'),
(2178, 192, 1, '13', 'Premium'),
(2179, 192, 1, '14', 'Premium'),
(2180, 192, 1, '15', 'Premium'),
(2181, 192, 1, '16', 'Premium'),
(2182, 193, 1, '1', 'Premium'),
(2183, 193, 1, '2', 'Premium'),
(2184, 193, 1, '3', 'Premium'),
(2185, 193, 1, '4', 'Premium'),
(2186, 193, 1, '5', 'Premium'),
(2187, 193, 1, '6', 'Premium'),
(2188, 193, 1, '7', 'Premium'),
(2189, 193, 1, '8', 'Premium'),
(2190, 193, 1, '9', 'Premium'),
(2191, 193, 1, '10', 'Premium'),
(2192, 193, 1, '11', 'Premium'),
(2193, 193, 1, '12', 'Premium'),
(2194, 193, 1, '13', 'Premium'),
(2195, 193, 1, '14', 'Premium'),
(2196, 193, 1, '15', 'Premium'),
(2197, 193, 1, '16', 'Premium'),
(2198, 194, 1, '1', 'Deluxe'),
(2199, 194, 1, '2', 'Deluxe'),
(2200, 194, 1, '3', 'Deluxe'),
(2201, 194, 1, '4', 'Deluxe'),
(2202, 195, 1, '1', 'Standard'),
(2203, 195, 1, '2', 'Standard'),
(2204, 195, 1, '3', 'Standard'),
(2205, 195, 1, '4', 'Standard'),
(2206, 196, 1, '1', 'Standard'),
(2207, 196, 1, '2', 'Standard'),
(2208, 196, 1, '3', 'Standard'),
(2209, 196, 1, '4', 'Standard'),
(2210, 197, 1, '1', 'Deluxe'),
(2211, 197, 1, '2', 'Deluxe'),
(2212, 197, 1, '3', 'Deluxe'),
(2213, 197, 1, '4', 'Deluxe'),
(2214, 198, 1, '1', 'Premium'),
(2215, 198, 1, '2', 'Premium'),
(2216, 198, 1, '3', 'Premium'),
(2217, 198, 1, '4', 'Premium'),
(2218, 198, 1, '5', 'Premium'),
(2219, 198, 1, '6', 'Premium'),
(2220, 198, 1, '7', 'Premium'),
(2221, 198, 1, '8', 'Premium'),
(2222, 198, 1, '9', 'Premium'),
(2223, 198, 1, '10', 'Premium'),
(2224, 198, 1, '11', 'Premium'),
(2225, 198, 1, '12', 'Premium'),
(2226, 198, 1, '13', 'Premium'),
(2227, 198, 1, '14', 'Premium'),
(2228, 198, 1, '15', 'Premium'),
(2229, 198, 1, '16', 'Premium'),
(2230, 199, 1, '1', 'Premium'),
(2231, 199, 1, '2', 'Premium'),
(2232, 199, 1, '3', 'Premium'),
(2233, 199, 1, '4', 'Premium'),
(2234, 199, 1, '5', 'Premium'),
(2235, 199, 1, '6', 'Premium'),
(2236, 199, 1, '7', 'Premium'),
(2237, 199, 1, '8', 'Premium'),
(2238, 199, 1, '9', 'Premium'),
(2239, 199, 1, '10', 'Premium'),
(2240, 199, 1, '11', 'Premium'),
(2241, 199, 1, '12', 'Premium'),
(2242, 199, 1, '13', 'Premium'),
(2243, 199, 1, '14', 'Premium'),
(2244, 199, 1, '15', 'Premium'),
(2245, 199, 1, '16', 'Premium'),
(2246, 200, 1, '1', 'Premium'),
(2247, 200, 1, '2', 'Premium'),
(2248, 200, 1, '3', 'Premium'),
(2249, 200, 1, '4', 'Premium'),
(2250, 200, 1, '5', 'Premium'),
(2251, 200, 1, '6', 'Premium'),
(2252, 200, 1, '7', 'Premium'),
(2253, 200, 1, '8', 'Premium'),
(2254, 200, 1, '9', 'Premium'),
(2255, 200, 1, '10', 'Premium'),
(2256, 200, 1, '11', 'Premium'),
(2257, 200, 1, '12', 'Premium'),
(2258, 200, 1, '13', 'Premium'),
(2259, 200, 1, '14', 'Premium'),
(2260, 200, 1, '15', 'Premium'),
(2261, 200, 1, '16', 'Premium'),
(2262, 201, 1, '1', 'Premium'),
(2263, 201, 1, '2', 'Premium'),
(2264, 201, 1, '3', 'Premium'),
(2265, 201, 1, '4', 'Premium'),
(2266, 201, 1, '5', 'Premium'),
(2267, 201, 1, '6', 'Premium'),
(2268, 201, 1, '7', 'Premium'),
(2269, 201, 1, '8', 'Premium'),
(2270, 201, 1, '9', 'Premium'),
(2271, 201, 1, '10', 'Premium'),
(2272, 201, 1, '11', 'Premium'),
(2273, 201, 1, '12', 'Premium'),
(2274, 201, 1, '13', 'Premium'),
(2275, 201, 1, '14', 'Premium'),
(2276, 201, 1, '15', 'Premium'),
(2277, 201, 1, '16', 'Premium'),
(2278, 202, 1, '1', 'Premium'),
(2279, 202, 1, '2', 'Premium'),
(2280, 202, 1, '3', 'Premium'),
(2281, 202, 1, '4', 'Premium'),
(2282, 202, 1, '5', 'Premium'),
(2283, 202, 1, '6', 'Premium'),
(2284, 202, 1, '7', 'Premium'),
(2285, 202, 1, '8', 'Premium'),
(2286, 202, 1, '9', 'Premium'),
(2287, 202, 1, '10', 'Premium'),
(2288, 202, 1, '11', 'Premium'),
(2289, 202, 1, '12', 'Premium'),
(2290, 202, 1, '13', 'Premium'),
(2291, 202, 1, '14', 'Premium'),
(2292, 203, 1, '1', 'Deluxe'),
(2293, 203, 1, '2', 'Deluxe'),
(2294, 203, 1, '3', 'Deluxe'),
(2295, 203, 1, '4', 'Deluxe'),
(2296, 204, 1, '1', 'Standard'),
(2297, 204, 1, '2', 'Standard'),
(2298, 204, 1, '3', 'Standard'),
(2299, 204, 1, '4', 'Standard'),
(2300, 205, 1, '1', 'Standard'),
(2301, 205, 1, '2', 'Standard'),
(2302, 205, 1, '3', 'Standard'),
(2303, 205, 1, '4', 'Standard'),
(2304, 206, 1, '1', 'Deluxe'),
(2305, 206, 1, '2', 'Deluxe'),
(2306, 206, 1, '3', 'Deluxe'),
(2307, 206, 1, '4', 'Deluxe'),
(2308, 207, 1, '1', 'Premium'),
(2309, 207, 1, '2', 'Premium'),
(2310, 207, 1, '3', 'Premium'),
(2311, 207, 1, '4', 'Premium'),
(2312, 207, 1, '5', 'Premium'),
(2313, 207, 1, '6', 'Premium'),
(2314, 207, 1, '7', 'Premium'),
(2315, 207, 1, '8', 'Premium'),
(2316, 207, 1, '9', 'Premium'),
(2317, 207, 1, '10', 'Premium'),
(2318, 207, 1, '11', 'Premium'),
(2319, 207, 1, '12', 'Premium'),
(2320, 207, 1, '13', 'Premium'),
(2321, 207, 1, '14', 'Premium'),
(2322, 208, 1, '1', 'Premium'),
(2323, 208, 1, '2', 'Premium'),
(2324, 208, 1, '3', 'Premium'),
(2325, 208, 1, '4', 'Premium'),
(2326, 208, 1, '5', 'Premium'),
(2327, 208, 1, '6', 'Premium'),
(2328, 208, 1, '7', 'Premium'),
(2329, 208, 1, '8', 'Premium'),
(2330, 208, 1, '9', 'Premium'),
(2331, 208, 1, '10', 'Premium'),
(2332, 208, 1, '11', 'Premium'),
(2333, 208, 1, '12', 'Premium'),
(2334, 208, 1, '13', 'Premium'),
(2335, 208, 1, '14', 'Premium'),
(2336, 208, 1, '15', 'Premium'),
(2337, 208, 1, '16', 'Premium'),
(2338, 209, 1, '1', 'Premium'),
(2339, 209, 1, '2', 'Premium'),
(2340, 209, 1, '3', 'Premium'),
(2341, 209, 1, '4', 'Premium'),
(2342, 209, 1, '5', 'Premium'),
(2343, 209, 1, '6', 'Premium'),
(2344, 209, 1, '7', 'Premium'),
(2345, 209, 1, '8', 'Premium'),
(2346, 209, 1, '9', 'Premium'),
(2347, 209, 1, '10', 'Premium'),
(2348, 209, 1, '11', 'Premium'),
(2349, 209, 1, '12', 'Premium'),
(2350, 209, 1, '13', 'Premium'),
(2351, 209, 1, '14', 'Premium'),
(2352, 209, 1, '15', 'Premium'),
(2353, 209, 1, '16', 'Premium'),
(2354, 210, 1, '1', 'Premium'),
(2355, 210, 1, '2', 'Premium'),
(2356, 210, 1, '3', 'Premium'),
(2357, 210, 1, '4', 'Premium'),
(2358, 210, 1, '5', 'Premium'),
(2359, 210, 1, '6', 'Premium'),
(2360, 210, 1, '7', 'Premium'),
(2361, 210, 1, '8', 'Premium'),
(2362, 210, 1, '9', 'Premium'),
(2363, 210, 1, '10', 'Premium'),
(2364, 210, 1, '11', 'Premium'),
(2365, 210, 1, '12', 'Premium'),
(2366, 210, 1, '13', 'Premium'),
(2367, 210, 1, '14', 'Premium'),
(2368, 210, 1, '15', 'Premium'),
(2369, 210, 1, '16', 'Premium'),
(2370, 211, 1, '1', 'Premium'),
(2371, 211, 1, '2', 'Premium'),
(2372, 211, 1, '3', 'Premium'),
(2373, 211, 1, '4', 'Premium'),
(2374, 211, 1, '5', 'Premium'),
(2375, 211, 1, '6', 'Premium'),
(2376, 211, 1, '7', 'Premium'),
(2377, 211, 1, '8', 'Premium'),
(2378, 211, 1, '9', 'Premium'),
(2379, 211, 1, '10', 'Premium'),
(2380, 211, 1, '11', 'Premium'),
(2381, 211, 1, '12', 'Premium'),
(2382, 211, 1, '13', 'Premium'),
(2383, 211, 1, '14', 'Premium'),
(2384, 211, 1, '15', 'Premium'),
(2385, 211, 1, '16', 'Premium'),
(2386, 212, 1, '1', 'Deluxe'),
(2387, 212, 1, '2', 'Deluxe'),
(2388, 212, 1, '3', 'Deluxe'),
(2389, 212, 1, '4', 'Deluxe'),
(2390, 213, 1, '1', 'Standard'),
(2391, 213, 1, '2', 'Standard'),
(2392, 213, 1, '3', 'Standard'),
(2393, 213, 1, '4', 'Standard'),
(2394, 214, 1, '1', 'Standard'),
(2395, 214, 1, '2', 'Standard'),
(2396, 214, 1, '3', 'Standard'),
(2397, 214, 1, '4', 'Standard'),
(2398, 215, 1, '1', 'Deluxe'),
(2399, 215, 1, '2', 'Deluxe'),
(2400, 215, 1, '3', 'Deluxe'),
(2401, 215, 1, '4', 'Deluxe'),
(2402, 216, 1, '1', 'Deluxe'),
(2403, 216, 1, '2', 'Deluxe'),
(2404, 216, 1, '3', 'Deluxe'),
(2405, 216, 1, '4', 'Deluxe'),
(2406, 216, 1, '5', 'Deluxe'),
(2407, 216, 1, '6', 'Deluxe'),
(2408, 216, 1, '7', 'Deluxe'),
(2409, 216, 1, '8', 'Deluxe'),
(2410, 216, 1, '9', 'Deluxe'),
(2411, 216, 1, '10', 'Deluxe'),
(2412, 216, 1, '11', 'Deluxe'),
(2413, 216, 1, '12', 'Deluxe'),
(2414, 216, 1, '13', 'Deluxe'),
(2415, 216, 1, '14', 'Deluxe'),
(2416, 216, 1, '15', 'Deluxe'),
(2417, 216, 1, '16', 'Deluxe'),
(2418, 217, 1, '1', 'Deluxe'),
(2419, 217, 1, '2', 'Deluxe'),
(2420, 217, 1, '3', 'Deluxe'),
(2421, 217, 1, '4', 'Deluxe'),
(2422, 217, 1, '5', 'Deluxe'),
(2423, 217, 1, '6', 'Deluxe'),
(2424, 217, 1, '7', 'Deluxe'),
(2425, 217, 1, '8', 'Deluxe'),
(2426, 217, 1, '9', 'Deluxe'),
(2427, 217, 1, '10', 'Deluxe'),
(2428, 217, 1, '11', 'Deluxe'),
(2429, 217, 1, '12', 'Deluxe'),
(2430, 217, 1, '13', 'Deluxe'),
(2431, 217, 1, '14', 'Deluxe'),
(2432, 217, 1, '15', 'Deluxe'),
(2433, 217, 1, '16', 'Deluxe'),
(2434, 218, 1, '1', 'Deluxe'),
(2435, 218, 1, '2', 'Deluxe'),
(2436, 218, 1, '3', 'Deluxe'),
(2437, 218, 1, '4', 'Deluxe'),
(2438, 218, 1, '5', 'Deluxe'),
(2439, 218, 1, '6', 'Deluxe'),
(2440, 218, 1, '7', 'Deluxe'),
(2441, 218, 1, '8', 'Deluxe'),
(2442, 218, 1, '9', 'Deluxe'),
(2443, 218, 1, '10', 'Deluxe'),
(2444, 218, 1, '11', 'Deluxe'),
(2445, 218, 1, '12', 'Deluxe'),
(2446, 218, 1, '13', 'Deluxe'),
(2447, 218, 1, '14', 'Deluxe'),
(2448, 218, 1, '15', 'Deluxe'),
(2449, 218, 1, '16', 'Deluxe'),
(2450, 219, 1, '1', 'Deluxe'),
(2451, 219, 1, '2', 'Deluxe'),
(2452, 219, 1, '3', 'Deluxe'),
(2453, 219, 1, '4', 'Deluxe'),
(2454, 219, 1, '5', 'Deluxe'),
(2455, 219, 1, '6', 'Deluxe'),
(2456, 219, 1, '7', 'Deluxe'),
(2457, 219, 1, '8', 'Deluxe'),
(2458, 219, 1, '9', 'Deluxe'),
(2459, 219, 1, '10', 'Deluxe'),
(2460, 219, 1, '11', 'Deluxe'),
(2461, 219, 1, '12', 'Deluxe'),
(2462, 219, 1, '13', 'Deluxe'),
(2463, 219, 1, '14', 'Deluxe'),
(2464, 219, 1, '15', 'Deluxe'),
(2465, 219, 1, '16', 'Deluxe'),
(2466, 220, 1, '1', 'Deluxe'),
(2467, 220, 1, '2', 'Deluxe'),
(2468, 220, 1, '3', 'Deluxe'),
(2469, 220, 1, '4', 'Deluxe'),
(2470, 220, 1, '5', 'Deluxe'),
(2471, 220, 1, '6', 'Deluxe'),
(2472, 220, 1, '7', 'Deluxe'),
(2473, 220, 1, '8', 'Deluxe'),
(2474, 220, 1, '9', 'Deluxe'),
(2475, 220, 1, '10', 'Deluxe'),
(2476, 220, 1, '11', 'Deluxe'),
(2477, 220, 1, '12', 'Deluxe'),
(2478, 220, 1, '13', 'Deluxe'),
(2479, 220, 1, '14', 'Deluxe'),
(2480, 221, 1, '1', 'Deluxe'),
(2481, 221, 1, '2', 'Deluxe'),
(2482, 221, 1, '3', 'Deluxe'),
(2483, 221, 1, '4', 'Deluxe'),
(2484, 222, 1, '1', 'Standard'),
(2485, 222, 1, '2', 'Standard'),
(2486, 222, 1, '3', 'Standard'),
(2487, 222, 1, '4', 'Standard'),
(2488, 223, 1, '1', 'Standard'),
(2489, 223, 1, '2', 'Standard'),
(2490, 223, 1, '3', 'Standard'),
(2491, 223, 1, '4', 'Standard'),
(2492, 223, 1, '5', 'Standard'),
(2493, 223, 1, '6', 'Standard'),
(2494, 223, 1, '7', 'Standard'),
(2495, 223, 1, '8', 'Standard'),
(2496, 223, 1, '9', 'Standard'),
(2497, 223, 1, '10', 'Standard'),
(2498, 223, 1, '11', 'Standard'),
(2499, 223, 1, '12', 'Standard'),
(2500, 224, 1, '1', 'Standard'),
(2501, 224, 1, '2', 'Standard'),
(2502, 224, 1, '3', 'Standard'),
(2503, 224, 1, '4', 'Standard'),
(2504, 224, 1, '5', 'Standard'),
(2505, 224, 1, '6', 'Standard'),
(2506, 224, 1, '7', 'Standard'),
(2507, 224, 1, '8', 'Standard'),
(2508, 224, 1, '9', 'Standard'),
(2509, 224, 1, '10', 'Standard'),
(2510, 224, 1, '11', 'Standard'),
(2511, 224, 1, '12', 'Standard'),
(2512, 224, 1, '13', 'Standard'),
(2513, 224, 1, '14', 'Standard'),
(2514, 224, 1, '15', 'Standard'),
(2515, 224, 1, '16', 'Standard'),
(2516, 225, 1, '1', 'Standard'),
(2517, 225, 1, '2', 'Standard'),
(2518, 225, 1, '3', 'Standard'),
(2519, 225, 1, '4', 'Standard'),
(2520, 225, 1, '5', 'Standard'),
(2521, 225, 1, '6', 'Standard'),
(2522, 225, 1, '7', 'Standard'),
(2523, 225, 1, '8', 'Standard'),
(2524, 225, 1, '9', 'Standard'),
(2525, 225, 1, '10', 'Standard'),
(2526, 225, 1, '11', 'Standard'),
(2527, 225, 1, '12', 'Standard'),
(2528, 225, 1, '13', 'Standard'),
(2529, 225, 1, '14', 'Standard'),
(2530, 225, 1, '15', 'Standard'),
(2531, 225, 1, '16', 'Standard'),
(2532, 226, 1, '1', 'Standard'),
(2533, 226, 1, '2', 'Standard'),
(2534, 226, 1, '3', 'Standard'),
(2535, 226, 1, '4', 'Standard'),
(2536, 226, 1, '5', 'Standard'),
(2537, 226, 1, '6', 'Standard'),
(2538, 226, 1, '7', 'Standard'),
(2539, 226, 1, '8', 'Standard'),
(2540, 226, 1, '9', 'Standard'),
(2541, 226, 1, '10', 'Standard'),
(2542, 226, 1, '11', 'Standard'),
(2543, 226, 1, '12', 'Standard'),
(2544, 226, 1, '13', 'Standard'),
(2545, 226, 1, '14', 'Standard'),
(2546, 226, 1, '15', 'Standard'),
(2547, 226, 1, '16', 'Standard'),
(2548, 227, 1, '1', 'Standard'),
(2549, 227, 1, '2', 'Standard'),
(2550, 227, 1, '3', 'Standard'),
(2551, 227, 1, '4', 'Standard'),
(2552, 227, 1, '5', 'Standard'),
(2553, 227, 1, '6', 'Standard'),
(2554, 227, 1, '7', 'Standard'),
(2555, 227, 1, '8', 'Standard'),
(2556, 227, 1, '9', 'Standard'),
(2557, 227, 1, '10', 'Standard'),
(2558, 227, 1, '11', 'Standard'),
(2559, 227, 1, '12', 'Standard'),
(2560, 227, 1, '13', 'Standard'),
(2561, 227, 1, '14', 'Standard'),
(2562, 227, 1, '15', 'Standard'),
(2563, 227, 1, '16', 'Standard'),
(2564, 228, 1, '1', 'Standard'),
(2565, 228, 1, '2', 'Standard'),
(2566, 228, 1, '3', 'Standard'),
(2567, 228, 1, '4', 'Standard'),
(2568, 228, 1, '5', 'Standard'),
(2569, 228, 1, '6', 'Standard'),
(2570, 228, 1, '7', 'Standard'),
(2571, 228, 1, '8', 'Standard'),
(2572, 228, 1, '9', 'Standard'),
(2573, 228, 1, '10', 'Standard'),
(2574, 228, 1, '11', 'Standard'),
(2575, 228, 1, '12', 'Standard'),
(2576, 228, 1, '13', 'Standard'),
(2577, 228, 1, '14', 'Standard'),
(2578, 228, 1, '15', 'Standard'),
(2579, 228, 1, '16', 'Standard'),
(2580, 229, 1, '1', 'Deluxe'),
(2581, 229, 1, '2', 'Deluxe'),
(2582, 229, 1, '3', 'Deluxe'),
(2583, 229, 1, '4', 'Deluxe'),
(2584, 229, 1, '5', 'Deluxe'),
(2585, 229, 1, '6', 'Deluxe'),
(2586, 230, 1, '1', 'Deluxe'),
(2587, 230, 1, '2', 'Deluxe'),
(2588, 230, 1, '3', 'Deluxe'),
(2589, 230, 1, '4', 'Deluxe'),
(2590, 230, 1, '5', 'Deluxe'),
(2591, 230, 1, '6', 'Deluxe'),
(2592, 230, 1, '7', 'Deluxe'),
(2593, 230, 1, '8', 'Deluxe'),
(2594, 230, 1, '9', 'Deluxe'),
(2595, 230, 1, '10', 'Deluxe'),
(2596, 230, 1, '11', 'Deluxe'),
(2597, 230, 1, '12', 'Deluxe'),
(2598, 230, 1, '13', 'Deluxe'),
(2599, 230, 1, '14', 'Deluxe'),
(2600, 231, 1, '1', 'Deluxe'),
(2601, 231, 1, '2', 'Deluxe'),
(2602, 231, 1, '3', 'Deluxe'),
(2603, 231, 1, '4', 'Deluxe'),
(2604, 231, 1, '5', 'Deluxe'),
(2605, 231, 1, '6', 'Deluxe'),
(2606, 231, 1, '7', 'Deluxe'),
(2607, 231, 1, '8', 'Deluxe'),
(2608, 231, 1, '9', 'Deluxe'),
(2609, 231, 1, '10', 'Deluxe'),
(2610, 231, 1, '11', 'Deluxe'),
(2611, 231, 1, '12', 'Deluxe'),
(2612, 231, 1, '13', 'Deluxe'),
(2613, 231, 1, '14', 'Deluxe'),
(2614, 231, 1, '15', 'Deluxe'),
(2615, 231, 1, '16', 'Deluxe'),
(2616, 232, 1, '1', 'Deluxe'),
(2617, 232, 1, '2', 'Deluxe'),
(2618, 232, 1, '3', 'Deluxe'),
(2619, 232, 1, '4', 'Deluxe'),
(2620, 232, 1, '5', 'Deluxe'),
(2621, 232, 1, '6', 'Deluxe'),
(2622, 232, 1, '7', 'Deluxe'),
(2623, 232, 1, '8', 'Deluxe'),
(2624, 232, 1, '9', 'Deluxe'),
(2625, 232, 1, '10', 'Deluxe'),
(2626, 232, 1, '11', 'Deluxe'),
(2627, 232, 1, '12', 'Deluxe'),
(2628, 232, 1, '13', 'Deluxe'),
(2629, 232, 1, '14', 'Deluxe'),
(2630, 232, 1, '15', 'Deluxe'),
(2631, 232, 1, '16', 'Deluxe'),
(2632, 233, 1, '1', 'Deluxe'),
(2633, 233, 1, '2', 'Deluxe'),
(2634, 233, 1, '3', 'Deluxe'),
(2635, 233, 1, '4', 'Deluxe'),
(2636, 233, 1, '5', 'Deluxe'),
(2637, 233, 1, '6', 'Deluxe'),
(2638, 233, 1, '7', 'Deluxe'),
(2639, 233, 1, '8', 'Deluxe'),
(2640, 233, 1, '9', 'Deluxe'),
(2641, 233, 1, '10', 'Deluxe'),
(2642, 233, 1, '11', 'Deluxe'),
(2643, 233, 1, '12', 'Deluxe'),
(2644, 233, 1, '13', 'Deluxe'),
(2645, 233, 1, '14', 'Deluxe'),
(2646, 233, 1, '15', 'Deluxe'),
(2647, 233, 1, '16', 'Deluxe'),
(2648, 234, 1, '1', 'Deluxe'),
(2649, 234, 1, '2', 'Deluxe'),
(2650, 234, 1, '3', 'Deluxe'),
(2651, 234, 1, '4', 'Deluxe'),
(2652, 234, 1, '5', 'Deluxe'),
(2653, 234, 1, '6', 'Deluxe'),
(2654, 234, 1, '7', 'Deluxe'),
(2655, 234, 1, '8', 'Deluxe'),
(2656, 234, 1, '9', 'Deluxe'),
(2657, 234, 1, '10', 'Deluxe'),
(2658, 234, 1, '11', 'Deluxe'),
(2659, 234, 1, '12', 'Deluxe'),
(2660, 234, 1, '13', 'Deluxe'),
(2661, 234, 1, '14', 'Deluxe'),
(2662, 234, 1, '15', 'Deluxe'),
(2663, 234, 1, '16', 'Deluxe'),
(2664, 235, 1, '1', 'Deluxe'),
(2665, 235, 1, '2', 'Deluxe'),
(2666, 235, 1, '3', 'Deluxe'),
(2667, 235, 1, '4', 'Deluxe'),
(2668, 235, 1, '5', 'Deluxe'),
(2669, 235, 1, '6', 'Deluxe'),
(2670, 236, 1, '1', 'Standard'),
(2671, 236, 1, '2', 'Standard'),
(2672, 236, 1, '3', 'Standard'),
(2673, 236, 1, '4', 'Standard'),
(2674, 236, 1, '5', 'Standard'),
(2675, 236, 1, '6', 'Standard'),
(2676, 237, 1, '1', 'Premium'),
(2677, 237, 1, '2', 'Premium'),
(2678, 237, 1, '3', 'Premium'),
(2679, 237, 1, '4', 'Premium'),
(2680, 237, 1, '5', 'Premium'),
(2681, 237, 1, '6', 'Premium'),
(2682, 237, 1, '7', 'Premium'),
(2683, 237, 1, '8', 'Premium'),
(2684, 238, 1, '1', 'Premium'),
(2685, 238, 1, '2', 'Premium'),
(2686, 238, 1, '3', 'Premium'),
(2687, 238, 1, '4', 'Premium'),
(2688, 238, 1, '5', 'Premium'),
(2689, 238, 1, '6', 'Premium'),
(2690, 238, 1, '7', 'Premium'),
(2691, 238, 1, '8', 'Premium'),
(2692, 239, 1, '1', 'Premium'),
(2693, 239, 1, '2', 'Premium'),
(2694, 239, 1, '3', 'Premium'),
(2695, 239, 1, '4', 'Premium'),
(2696, 239, 1, '5', 'Premium'),
(2697, 239, 1, '6', 'Premium'),
(2698, 239, 1, '7', 'Premium'),
(2699, 239, 1, '8', 'Premium'),
(2700, 240, 1, '1', 'Premium'),
(2701, 240, 1, '2', 'Premium'),
(2702, 240, 1, '3', 'Premium'),
(2703, 240, 1, '4', 'Premium'),
(2704, 240, 1, '5', 'Premium'),
(2705, 240, 1, '6', 'Premium'),
(2706, 240, 1, '7', 'Premium'),
(2707, 240, 1, '8', 'Premium'),
(2708, 241, 1, '1', 'Premium'),
(2709, 241, 1, '2', 'Premium'),
(2710, 241, 1, '3', 'Premium'),
(2711, 241, 1, '4', 'Premium'),
(2712, 241, 1, '5', 'Premium'),
(2713, 241, 1, '6', 'Premium'),
(2714, 241, 1, '7', 'Premium'),
(2716, 242, 1, '1', 'Standard'),
(2717, 242, 1, '2', 'Standard'),
(2718, 242, 1, '3', 'Standard'),
(2719, 242, 1, '4', 'Standard'),
(2720, 243, 1, '1', 'Standard'),
(2721, 243, 1, '2', 'Standard'),
(2722, 243, 1, '3', 'Standard'),
(2723, 243, 1, '4', 'Standard'),
(2724, 244, 1, '1', 'Deluxe'),
(2725, 244, 1, '2', 'Deluxe'),
(2726, 244, 1, '3', 'Deluxe'),
(2727, 244, 1, '4', 'Deluxe'),
(2728, 245, 1, '1', 'Premium'),
(2729, 245, 1, '2', 'Premium'),
(2730, 245, 1, '3', 'Premium'),
(2731, 245, 1, '4', 'Premium'),
(2732, 245, 1, '5', 'Premium'),
(2733, 245, 1, '6', 'Premium'),
(2734, 245, 1, '7', 'Premium'),
(2735, 245, 1, '8', 'Premium'),
(2736, 245, 1, '9', 'Premium'),
(2737, 245, 1, '10', 'Premium'),
(2738, 245, 1, '11', 'Premium'),
(2739, 245, 1, '12', 'Premium'),
(2740, 245, 1, '13', 'Premium'),
(2741, 245, 1, '14', 'Premium'),
(2742, 246, 1, '1', 'Premium'),
(2743, 246, 1, '2', 'Premium'),
(2744, 246, 1, '3', 'Premium'),
(2745, 246, 1, '4', 'Premium'),
(2746, 246, 1, '5', 'Premium'),
(2747, 246, 1, '6', 'Premium'),
(2748, 246, 1, '7', 'Premium'),
(2749, 246, 1, '8', 'Premium'),
(2750, 246, 1, '9', 'Premium'),
(2751, 246, 1, '10', 'Premium'),
(2752, 246, 1, '11', 'Premium'),
(2753, 246, 1, '12', 'Premium'),
(2754, 246, 1, '13', 'Premium'),
(2755, 246, 1, '14', 'Premium'),
(2756, 246, 1, '15', 'Premium'),
(2757, 246, 1, '16', 'Premium'),
(2758, 247, 1, '1', 'Premium'),
(2759, 247, 1, '2', 'Premium'),
(2760, 247, 1, '3', 'Premium'),
(2761, 247, 1, '4', 'Premium'),
(2762, 247, 1, '5', 'Premium'),
(2763, 247, 1, '6', 'Premium'),
(2764, 247, 1, '7', 'Premium'),
(2765, 247, 1, '8', 'Premium'),
(2766, 247, 1, '9', 'Premium'),
(2767, 247, 1, '10', 'Premium'),
(2768, 247, 1, '11', 'Premium'),
(2769, 247, 1, '12', 'Premium'),
(2770, 247, 1, '13', 'Premium'),
(2771, 247, 1, '14', 'Premium'),
(2772, 247, 1, '15', 'Premium'),
(2773, 247, 1, '16', 'Premium'),
(2774, 248, 1, '1', 'Premium'),
(2775, 248, 1, '2', 'Premium'),
(2776, 248, 1, '3', 'Premium'),
(2777, 248, 1, '4', 'Premium'),
(2778, 248, 1, '5', 'Premium'),
(2779, 248, 1, '6', 'Premium'),
(2780, 248, 1, '7', 'Premium'),
(2781, 248, 1, '8', 'Premium'),
(2782, 248, 1, '9', 'Premium'),
(2783, 248, 1, '10', 'Premium'),
(2784, 248, 1, '11', 'Premium'),
(2785, 248, 1, '12', 'Premium'),
(2786, 248, 1, '13', 'Premium'),
(2787, 248, 1, '14', 'Premium'),
(2788, 248, 1, '15', 'Premium'),
(2789, 248, 1, '16', 'Premium'),
(2790, 249, 1, '1', 'Premium'),
(2791, 249, 1, '2', 'Premium'),
(2792, 249, 1, '3', 'Premium'),
(2793, 249, 1, '4', 'Premium'),
(2794, 249, 1, '5', 'Premium'),
(2795, 249, 1, '6', 'Premium'),
(2796, 249, 1, '7', 'Premium'),
(2797, 249, 1, '8', 'Premium'),
(2798, 249, 1, '9', 'Premium'),
(2799, 249, 1, '10', 'Premium'),
(2800, 249, 1, '11', 'Premium'),
(2801, 249, 1, '12', 'Premium'),
(2802, 249, 1, '13', 'Premium'),
(2803, 249, 1, '14', 'Premium'),
(2804, 249, 1, '15', 'Premium'),
(2805, 249, 1, '16', 'Premium'),
(2806, 250, 1, '1', 'Deluxe'),
(2807, 250, 1, '2', 'Deluxe'),
(2808, 250, 1, '3', 'Deluxe'),
(2809, 250, 1, '4', 'Deluxe'),
(2810, 251, 1, '1', 'Standard'),
(2811, 251, 1, '2', 'Standard'),
(2812, 251, 1, '3', 'Standard'),
(2813, 251, 1, '4', 'Standard'),
(2814, 252, 1, '1', 'Standard'),
(2815, 252, 1, '2', 'Standard'),
(2816, 252, 1, '3', 'Standard'),
(2817, 252, 1, '4', 'Standard'),
(2818, 253, 1, '1', 'Standard'),
(2819, 253, 1, '2', 'Standard'),
(2820, 253, 1, '3', 'Standard'),
(2821, 253, 1, '4', 'Standard'),
(2822, 254, 1, '1', 'Premium'),
(2823, 254, 1, '2', 'Premium'),
(2824, 254, 1, '3', 'Premium'),
(2825, 254, 1, '4', 'Premium'),
(2826, 254, 1, '5', 'Premium'),
(2827, 254, 1, '6', 'Premium'),
(2828, 254, 1, '7', 'Premium'),
(2829, 254, 1, '8', 'Premium'),
(2830, 254, 1, '9', 'Premium'),
(2831, 254, 1, '10', 'Premium'),
(2832, 254, 1, '11', 'Premium'),
(2833, 254, 1, '12', 'Premium'),
(2834, 254, 1, '13', 'Premium'),
(2835, 254, 1, '14', 'Premium'),
(2836, 254, 1, '15', 'Premium'),
(2837, 254, 1, '16', 'Premium'),
(2838, 255, 1, '1', 'Premium'),
(2839, 255, 1, '2', 'Premium'),
(2840, 255, 1, '3', 'Premium'),
(2841, 255, 1, '4', 'Premium'),
(2842, 255, 1, '5', 'Premium'),
(2843, 255, 1, '6', 'Premium'),
(2844, 255, 1, '7', 'Premium'),
(2845, 255, 1, '8', 'Premium'),
(2846, 255, 1, '9', 'Premium'),
(2847, 255, 1, '10', 'Premium'),
(2848, 255, 1, '11', 'Premium'),
(2849, 255, 1, '12', 'Premium'),
(2850, 255, 1, '13', 'Premium'),
(2851, 255, 1, '14', 'Premium'),
(2852, 255, 1, '15', 'Premium'),
(2853, 255, 1, '16', 'Premium'),
(2854, 256, 1, '1', 'Premium'),
(2855, 256, 1, '2', 'Premium'),
(2856, 256, 1, '3', 'Premium'),
(2857, 256, 1, '4', 'Premium'),
(2858, 256, 1, '5', 'Premium'),
(2859, 256, 1, '6', 'Premium'),
(2860, 256, 1, '7', 'Premium'),
(2861, 256, 1, '8', 'Premium'),
(2862, 256, 1, '9', 'Premium'),
(2863, 256, 1, '10', 'Premium'),
(2864, 256, 1, '11', 'Premium'),
(2865, 256, 1, '12', 'Premium'),
(2866, 256, 1, '13', 'Premium'),
(2867, 256, 1, '14', 'Premium'),
(2868, 256, 1, '15', 'Premium'),
(2869, 256, 1, '16', 'Premium'),
(2870, 257, 1, '1', 'Premium'),
(2871, 257, 1, '2', 'Premium'),
(2872, 257, 1, '3', 'Premium'),
(2873, 257, 1, '4', 'Premium'),
(2874, 257, 1, '5', 'Premium'),
(2875, 257, 1, '6', 'Premium'),
(2876, 257, 1, '7', 'Premium'),
(2877, 257, 1, '8', 'Premium'),
(2878, 257, 1, '9', 'Premium'),
(2879, 257, 1, '10', 'Premium'),
(2880, 257, 1, '11', 'Premium'),
(2881, 257, 1, '12', 'Premium'),
(2882, 257, 1, '13', 'Premium'),
(2883, 257, 1, '14', 'Premium'),
(2884, 257, 1, '15', 'Premium'),
(2885, 257, 1, '16', 'Premium'),
(2886, 258, 1, '1', 'Premium'),
(2887, 258, 1, '2', 'Premium'),
(2888, 258, 1, '3', 'Premium'),
(2889, 258, 1, '4', 'Premium'),
(2890, 258, 1, '5', 'Premium'),
(2891, 258, 1, '6', 'Premium'),
(2892, 258, 1, '7', 'Premium'),
(2893, 258, 1, '8', 'Premium'),
(2894, 258, 1, '9', 'Premium'),
(2895, 258, 1, '10', 'Premium'),
(2896, 258, 1, '11', 'Premium'),
(2897, 258, 1, '12', 'Premium'),
(2898, 258, 1, '13', 'Premium'),
(2899, 258, 1, '14', 'Premium'),
(2900, 259, 1, '1', 'Deluxe'),
(2901, 259, 1, '2', 'Deluxe'),
(2902, 259, 1, '3', 'Deluxe'),
(2903, 259, 1, '4', 'Deluxe'),
(2904, 260, 1, '1', 'Standard'),
(2905, 260, 1, '2', 'Standard'),
(2906, 260, 1, '3', 'Standard'),
(2907, 260, 1, '4', 'Standard'),
(2908, 261, 1, '1', 'Standard'),
(2909, 261, 1, '2', 'Standard'),
(2910, 261, 1, '3', 'Standard'),
(2911, 261, 1, '4', 'Standard'),
(2912, 262, 1, '1', 'Deluxe'),
(2913, 262, 1, '2', 'Deluxe'),
(2914, 262, 1, '3', 'Deluxe'),
(2915, 262, 1, '4', 'Deluxe'),
(2916, 263, 1, '1', 'Premium'),
(2917, 263, 1, '2', 'Premium'),
(2918, 263, 1, '3', 'Premium'),
(2919, 263, 1, '4', 'Premium'),
(2920, 263, 1, '5', 'Premium'),
(2921, 263, 1, '6', 'Premium'),
(2922, 263, 1, '7', 'Premium'),
(2923, 263, 1, '8', 'Premium'),
(2924, 263, 1, '9', 'Premium'),
(2925, 263, 1, '10', 'Premium'),
(2926, 263, 1, '11', 'Premium'),
(2927, 263, 1, '12', 'Premium'),
(2928, 263, 1, '13', 'Premium'),
(2929, 263, 1, '14', 'Premium'),
(2930, 264, 1, '1', 'Premium'),
(2931, 264, 1, '2', 'Premium'),
(2932, 264, 1, '3', 'Premium'),
(2933, 264, 1, '4', 'Premium'),
(2934, 264, 1, '5', 'Premium'),
(2935, 264, 1, '6', 'Premium'),
(2936, 264, 1, '7', 'Premium'),
(2937, 264, 1, '8', 'Premium'),
(2938, 264, 1, '9', 'Premium'),
(2939, 264, 1, '10', 'Premium'),
(2940, 264, 1, '11', 'Premium'),
(2941, 264, 1, '12', 'Premium'),
(2942, 264, 1, '13', 'Premium'),
(2943, 264, 1, '14', 'Premium'),
(2944, 264, 1, '15', 'Premium'),
(2945, 264, 1, '16', 'Premium'),
(2946, 265, 1, '1', 'Premium'),
(2947, 265, 1, '2', 'Premium'),
(2948, 265, 1, '3', 'Premium'),
(2949, 265, 1, '4', 'Premium'),
(2950, 265, 1, '5', 'Premium'),
(2951, 265, 1, '6', 'Premium'),
(2952, 265, 1, '7', 'Premium'),
(2953, 265, 1, '8', 'Premium'),
(2954, 265, 1, '9', 'Premium'),
(2955, 265, 1, '10', 'Premium'),
(2956, 265, 1, '11', 'Premium'),
(2957, 265, 1, '12', 'Premium'),
(2958, 265, 1, '13', 'Premium'),
(2959, 265, 1, '14', 'Premium'),
(2960, 265, 1, '15', 'Premium'),
(2961, 265, 1, '16', 'Premium'),
(2962, 266, 1, '1', 'Premium'),
(2963, 266, 1, '2', 'Premium'),
(2964, 266, 1, '3', 'Premium'),
(2965, 266, 1, '4', 'Premium'),
(2966, 266, 1, '5', 'Premium'),
(2967, 266, 1, '6', 'Premium'),
(2968, 266, 1, '7', 'Premium'),
(2969, 266, 1, '8', 'Premium'),
(2970, 266, 1, '9', 'Premium'),
(2971, 266, 1, '10', 'Premium'),
(2972, 266, 1, '11', 'Premium'),
(2973, 266, 1, '12', 'Premium'),
(2974, 266, 1, '13', 'Premium'),
(2975, 266, 1, '14', 'Premium'),
(2976, 266, 1, '15', 'Premium'),
(2977, 266, 1, '16', 'Premium'),
(2978, 267, 1, '1', 'Premium'),
(2979, 267, 1, '2', 'Premium'),
(2980, 267, 1, '3', 'Premium'),
(2981, 267, 1, '4', 'Premium'),
(2982, 267, 1, '5', 'Premium'),
(2983, 267, 1, '6', 'Premium'),
(2984, 267, 1, '7', 'Premium'),
(2985, 267, 1, '8', 'Premium'),
(2986, 267, 1, '9', 'Premium'),
(2987, 267, 1, '10', 'Premium'),
(2988, 267, 1, '11', 'Premium'),
(2989, 267, 1, '12', 'Premium'),
(2990, 267, 1, '13', 'Premium'),
(2991, 267, 1, '14', 'Premium'),
(2992, 267, 1, '15', 'Premium'),
(2993, 267, 1, '16', 'Premium'),
(2994, 268, 1, '1', 'Deluxe'),
(2995, 268, 1, '2', 'Deluxe'),
(2996, 268, 1, '3', 'Deluxe'),
(2997, 268, 1, '4', 'Deluxe'),
(2998, 269, 1, '1', 'Standard'),
(2999, 269, 1, '2', 'Standard'),
(3000, 269, 1, '3', 'Standard'),
(3001, 269, 1, '4', 'Standard'),
(3002, 270, 1, '1', 'Standard'),
(3003, 270, 1, '2', 'Standard'),
(3004, 270, 1, '3', 'Standard'),
(3005, 270, 1, '4', 'Standard'),
(3006, 271, 1, '1', 'Deluxe'),
(3007, 271, 1, '2', 'Deluxe'),
(3008, 271, 1, '3', 'Deluxe'),
(3009, 271, 1, '4', 'Deluxe'),
(3010, 272, 1, '1', 'Premium'),
(3011, 272, 1, '2', 'Premium'),
(3012, 272, 1, '3', 'Premium'),
(3013, 272, 1, '4', 'Premium'),
(3014, 272, 1, '5', 'Premium'),
(3015, 272, 1, '6', 'Premium'),
(3016, 272, 1, '7', 'Premium'),
(3017, 272, 1, '8', 'Premium'),
(3018, 272, 1, '9', 'Premium'),
(3019, 272, 1, '10', 'Premium'),
(3020, 272, 1, '11', 'Premium'),
(3021, 272, 1, '12', 'Premium'),
(3022, 272, 1, '13', 'Premium'),
(3023, 272, 1, '14', 'Premium'),
(3024, 272, 1, '15', 'Premium'),
(3025, 272, 1, '16', 'Premium'),
(3026, 273, 1, '1', 'Premium'),
(3027, 273, 1, '2', 'Premium'),
(3028, 273, 1, '3', 'Premium'),
(3029, 273, 1, '4', 'Premium'),
(3030, 273, 1, '5', 'Premium'),
(3031, 273, 1, '6', 'Premium'),
(3032, 273, 1, '7', 'Premium'),
(3033, 273, 1, '8', 'Premium'),
(3034, 273, 1, '9', 'Premium'),
(3035, 273, 1, '10', 'Premium'),
(3036, 273, 1, '11', 'Premium'),
(3037, 273, 1, '12', 'Premium'),
(3038, 273, 1, '13', 'Premium'),
(3039, 273, 1, '14', 'Premium'),
(3040, 273, 1, '15', 'Premium'),
(3041, 273, 1, '16', 'Premium'),
(3042, 274, 1, '1', 'Premium'),
(3043, 274, 1, '2', 'Premium'),
(3044, 274, 1, '3', 'Premium'),
(3045, 274, 1, '4', 'Premium'),
(3046, 274, 1, '5', 'Premium'),
(3047, 274, 1, '6', 'Premium'),
(3048, 274, 1, '7', 'Premium'),
(3049, 274, 1, '8', 'Premium'),
(3050, 274, 1, '9', 'Premium'),
(3051, 274, 1, '10', 'Premium'),
(3052, 274, 1, '11', 'Premium'),
(3053, 274, 1, '12', 'Premium'),
(3054, 274, 1, '13', 'Premium'),
(3055, 274, 1, '14', 'Premium'),
(3056, 274, 1, '15', 'Premium'),
(3057, 274, 1, '16', 'Premium'),
(3058, 275, 1, '1', 'Premium'),
(3059, 275, 1, '2', 'Premium'),
(3060, 275, 1, '3', 'Premium'),
(3061, 275, 1, '4', 'Premium'),
(3062, 275, 1, '5', 'Premium'),
(3063, 275, 1, '6', 'Premium'),
(3064, 275, 1, '7', 'Premium'),
(3065, 275, 1, '8', 'Premium'),
(3066, 275, 1, '9', 'Premium'),
(3067, 275, 1, '10', 'Premium'),
(3068, 275, 1, '11', 'Premium'),
(3069, 275, 1, '12', 'Premium'),
(3070, 275, 1, '13', 'Premium'),
(3071, 275, 1, '14', 'Premium'),
(3072, 275, 1, '15', 'Premium'),
(3073, 275, 1, '16', 'Premium'),
(3074, 276, 1, '1', 'Premium'),
(3075, 276, 1, '2', 'Premium'),
(3076, 276, 1, '3', 'Premium'),
(3077, 276, 1, '4', 'Premium'),
(3078, 276, 1, '5', 'Premium'),
(3079, 276, 1, '6', 'Premium'),
(3080, 276, 1, '7', 'Premium'),
(3081, 276, 1, '8', 'Premium'),
(3082, 276, 1, '9', 'Premium'),
(3083, 276, 1, '10', 'Premium'),
(3084, 276, 1, '11', 'Premium'),
(3085, 276, 1, '12', 'Premium'),
(3086, 276, 1, '13', 'Premium'),
(3087, 276, 1, '14', 'Premium'),
(3088, 277, 1, '1', 'Deluxe'),
(3089, 277, 1, '2', 'Deluxe'),
(3090, 277, 1, '3', 'Deluxe'),
(3091, 277, 1, '4', 'Deluxe'),
(3092, 278, 1, '1', 'Standard'),
(3093, 278, 1, '2', 'Standard'),
(3094, 278, 1, '3', 'Standard'),
(3095, 278, 1, '4', 'Standard'),
(3096, 279, 1, '1', 'Standard'),
(3097, 279, 1, '2', 'Standard'),
(3098, 279, 1, '3', 'Standard'),
(3099, 279, 1, '4', 'Standard'),
(3100, 280, 1, '1', 'Deluxe'),
(3101, 280, 1, '2', 'Deluxe'),
(3102, 280, 1, '3', 'Deluxe'),
(3103, 280, 1, '4', 'Deluxe'),
(3104, 281, 1, '1', 'Premium'),
(3105, 281, 1, '2', 'Premium'),
(3106, 281, 1, '3', 'Premium'),
(3107, 281, 1, '4', 'Premium'),
(3108, 281, 1, '5', 'Premium'),
(3109, 281, 1, '6', 'Premium'),
(3110, 281, 1, '7', 'Premium'),
(3111, 281, 1, '8', 'Premium'),
(3112, 281, 1, '9', 'Premium'),
(3113, 281, 1, '10', 'Premium'),
(3114, 281, 1, '11', 'Premium'),
(3115, 281, 1, '12', 'Premium'),
(3116, 281, 1, '13', 'Premium'),
(3117, 281, 1, '14', 'Premium'),
(3118, 282, 1, '1', 'Premium'),
(3119, 282, 1, '2', 'Premium'),
(3120, 282, 1, '3', 'Premium'),
(3121, 282, 1, '4', 'Premium'),
(3122, 282, 1, '5', 'Premium'),
(3123, 282, 1, '6', 'Premium'),
(3124, 282, 1, '7', 'Premium'),
(3125, 282, 1, '8', 'Premium'),
(3126, 282, 1, '9', 'Premium'),
(3127, 282, 1, '10', 'Premium'),
(3128, 282, 1, '11', 'Premium'),
(3129, 282, 1, '12', 'Premium'),
(3130, 282, 1, '13', 'Premium'),
(3131, 282, 1, '14', 'Premium'),
(3132, 282, 1, '15', 'Premium'),
(3133, 282, 1, '16', 'Premium'),
(3134, 283, 1, '1', 'Premium'),
(3135, 283, 1, '2', 'Premium'),
(3136, 283, 1, '3', 'Premium'),
(3137, 283, 1, '4', 'Premium'),
(3138, 283, 1, '5', 'Premium'),
(3139, 283, 1, '6', 'Premium'),
(3140, 283, 1, '7', 'Premium'),
(3141, 283, 1, '8', 'Premium'),
(3142, 283, 1, '9', 'Premium'),
(3143, 283, 1, '10', 'Premium'),
(3144, 283, 1, '11', 'Premium'),
(3145, 283, 1, '12', 'Premium'),
(3146, 283, 1, '13', 'Premium'),
(3147, 283, 1, '14', 'Premium'),
(3148, 283, 1, '15', 'Premium'),
(3149, 283, 1, '16', 'Premium'),
(3150, 284, 1, '1', 'Premium'),
(3151, 284, 1, '2', 'Premium'),
(3152, 284, 1, '3', 'Premium'),
(3153, 284, 1, '4', 'Premium'),
(3154, 284, 1, '5', 'Premium'),
(3155, 284, 1, '6', 'Premium'),
(3156, 284, 1, '7', 'Premium'),
(3157, 284, 1, '8', 'Premium'),
(3158, 284, 1, '9', 'Premium'),
(3159, 284, 1, '10', 'Premium'),
(3160, 284, 1, '11', 'Premium'),
(3161, 284, 1, '12', 'Premium'),
(3162, 284, 1, '13', 'Premium'),
(3163, 284, 1, '14', 'Premium'),
(3164, 284, 1, '15', 'Premium'),
(3165, 284, 1, '16', 'Premium'),
(3166, 285, 1, '1', 'Premium'),
(3167, 285, 1, '2', 'Premium'),
(3168, 285, 1, '3', 'Premium'),
(3169, 285, 1, '4', 'Premium'),
(3170, 285, 1, '5', 'Premium'),
(3171, 285, 1, '6', 'Premium'),
(3172, 285, 1, '7', 'Premium'),
(3173, 285, 1, '8', 'Premium'),
(3174, 285, 1, '9', 'Premium'),
(3175, 285, 1, '10', 'Premium'),
(3176, 285, 1, '11', 'Premium'),
(3177, 285, 1, '12', 'Premium'),
(3178, 285, 1, '13', 'Premium'),
(3179, 285, 1, '14', 'Premium'),
(3180, 285, 1, '15', 'Premium'),
(3181, 285, 1, '16', 'Premium'),
(3182, 286, 1, '1', 'Deluxe'),
(3183, 286, 1, '2', 'Deluxe'),
(3184, 286, 1, '3', 'Deluxe'),
(3185, 286, 1, '4', 'Deluxe'),
(3186, 287, 1, '1', 'Standard'),
(3187, 287, 1, '2', 'Standard'),
(3188, 287, 1, '3', 'Standard'),
(3189, 287, 1, '4', 'Standard'),
(3190, 288, 1, '1', 'Standard'),
(3191, 288, 1, '2', 'Standard'),
(3192, 288, 1, '3', 'Standard'),
(3193, 288, 1, '4', 'Standard'),
(3194, 289, 1, '1', 'Deluxe'),
(3195, 289, 1, '2', 'Deluxe'),
(3196, 289, 1, '3', 'Deluxe'),
(3197, 289, 1, '4', 'Deluxe'),
(3198, 290, 1, '1', 'Premium'),
(3199, 290, 1, '2', 'Premium'),
(3200, 290, 1, '3', 'Premium'),
(3201, 290, 1, '4', 'Premium'),
(3202, 290, 1, '5', 'Premium'),
(3203, 290, 1, '6', 'Premium'),
(3204, 290, 1, '7', 'Premium'),
(3205, 290, 1, '8', 'Premium'),
(3206, 290, 1, '9', 'Premium'),
(3207, 290, 1, '10', 'Premium'),
(3208, 290, 1, '11', 'Premium'),
(3209, 290, 1, '12', 'Premium'),
(3210, 290, 1, '13', 'Premium'),
(3211, 290, 1, '14', 'Premium'),
(3212, 290, 1, '15', 'Premium'),
(3213, 290, 1, '16', 'Premium'),
(3214, 291, 1, '1', 'Premium'),
(3215, 291, 1, '2', 'Premium'),
(3216, 291, 1, '3', 'Premium'),
(3217, 291, 1, '4', 'Premium'),
(3218, 291, 1, '5', 'Premium'),
(3219, 291, 1, '6', 'Premium'),
(3220, 291, 1, '7', 'Premium'),
(3221, 291, 1, '8', 'Premium'),
(3222, 291, 1, '9', 'Premium'),
(3223, 291, 1, '10', 'Premium'),
(3224, 291, 1, '11', 'Premium'),
(3225, 291, 1, '12', 'Premium'),
(3226, 291, 1, '13', 'Premium'),
(3227, 291, 1, '14', 'Premium'),
(3228, 291, 1, '15', 'Premium'),
(3229, 291, 1, '16', 'Premium'),
(3230, 292, 1, '1', 'Premium'),
(3231, 292, 1, '2', 'Premium'),
(3232, 292, 1, '3', 'Premium'),
(3233, 292, 1, '4', 'Premium'),
(3234, 292, 1, '5', 'Premium'),
(3235, 292, 1, '6', 'Premium'),
(3236, 292, 1, '7', 'Premium'),
(3237, 292, 1, '8', 'Premium'),
(3238, 292, 1, '9', 'Premium'),
(3239, 292, 1, '10', 'Premium'),
(3240, 292, 1, '11', 'Premium'),
(3241, 292, 1, '12', 'Premium'),
(3242, 292, 1, '13', 'Premium'),
(3243, 292, 1, '14', 'Premium'),
(3244, 292, 1, '15', 'Premium'),
(3245, 292, 1, '16', 'Premium'),
(3246, 293, 1, '1', 'Premium'),
(3247, 293, 1, '2', 'Premium'),
(3248, 293, 1, '3', 'Premium'),
(3249, 293, 1, '4', 'Premium'),
(3250, 293, 1, '5', 'Premium'),
(3251, 293, 1, '6', 'Premium'),
(3252, 293, 1, '7', 'Premium'),
(3253, 293, 1, '8', 'Premium'),
(3254, 293, 1, '9', 'Premium'),
(3255, 293, 1, '10', 'Premium'),
(3256, 293, 1, '11', 'Premium'),
(3257, 293, 1, '12', 'Premium'),
(3258, 293, 1, '13', 'Premium'),
(3259, 293, 1, '14', 'Premium'),
(3260, 293, 1, '15', 'Premium'),
(3261, 293, 1, '16', 'Premium'),
(3262, 294, 1, '1', 'Premium'),
(3263, 294, 1, '2', 'Premium'),
(3264, 294, 1, '3', 'Premium'),
(3265, 294, 1, '4', 'Premium'),
(3266, 294, 1, '5', 'Premium'),
(3267, 294, 1, '6', 'Premium'),
(3268, 294, 1, '7', 'Premium'),
(3269, 294, 1, '8', 'Premium'),
(3270, 294, 1, '9', 'Premium'),
(3271, 294, 1, '10', 'Premium'),
(3272, 294, 1, '11', 'Premium'),
(3273, 294, 1, '12', 'Premium'),
(3274, 294, 1, '13', 'Premium'),
(3275, 294, 1, '14', 'Premium'),
(3276, 295, 1, '1', 'Deluxe'),
(3277, 295, 1, '2', 'Deluxe'),
(3278, 295, 1, '3', 'Deluxe'),
(3279, 295, 1, '4', 'Deluxe'),
(3280, 296, 1, '1', 'Standard'),
(3281, 296, 1, '2', 'Standard'),
(3282, 296, 1, '3', 'Standard'),
(3283, 296, 1, '4', 'Standard'),
(3284, 297, 1, '1', 'Standard'),
(3285, 297, 1, '2', 'Standard'),
(3286, 297, 1, '3', 'Standard'),
(3287, 297, 1, '4', 'Standard'),
(3288, 298, 1, '1', 'Deluxe'),
(3289, 298, 1, '2', 'Deluxe'),
(3290, 298, 1, '3', 'Deluxe'),
(3291, 298, 1, '4', 'Deluxe'),
(3292, 298, 1, '5', 'Deluxe'),
(3293, 298, 1, '6', 'Deluxe'),
(3294, 298, 1, '7', 'Deluxe'),
(3295, 298, 1, '8', 'Deluxe'),
(3296, 298, 1, '9', 'Deluxe'),
(3297, 298, 1, '10', 'Deluxe'),
(3298, 298, 1, '11', 'Deluxe'),
(3299, 298, 1, '12', 'Deluxe'),
(3300, 298, 1, '13', 'Deluxe'),
(3301, 298, 1, '14', 'Deluxe'),
(3302, 298, 1, '15', 'Deluxe'),
(3303, 298, 1, '16', 'Deluxe'),
(3304, 298, 1, '17', 'Deluxe'),
(3305, 298, 1, '18', 'Deluxe'),
(3306, 299, 1, '1', 'Deluxe'),
(3307, 299, 1, '2', 'Deluxe'),
(3308, 299, 1, '3', 'Deluxe'),
(3309, 299, 1, '4', 'Deluxe'),
(3310, 299, 1, '5', 'Deluxe'),
(3311, 299, 1, '6', 'Deluxe'),
(3312, 299, 1, '7', 'Deluxe'),
(3313, 299, 1, '8', 'Deluxe'),
(3314, 299, 1, '9', 'Deluxe'),
(3315, 299, 1, '10', 'Deluxe'),
(3316, 299, 1, '11', 'Deluxe'),
(3317, 299, 1, '12', 'Deluxe'),
(3318, 299, 1, '13', 'Deluxe'),
(3319, 299, 1, '14', 'Deluxe'),
(3320, 299, 1, '15', 'Deluxe'),
(3321, 299, 1, '16', 'Deluxe'),
(3322, 300, 1, '1', 'Deluxe'),
(3323, 300, 1, '2', 'Deluxe'),
(3324, 300, 1, '3', 'Deluxe'),
(3325, 300, 1, '4', 'Deluxe'),
(3326, 300, 1, '5', 'Deluxe'),
(3327, 300, 1, '6', 'Deluxe'),
(3328, 300, 1, '7', 'Deluxe'),
(3329, 300, 1, '8', 'Deluxe'),
(3330, 300, 1, '9', 'Deluxe'),
(3331, 300, 1, '10', 'Deluxe'),
(3332, 300, 1, '11', 'Deluxe'),
(3333, 300, 1, '12', 'Deluxe'),
(3334, 300, 1, '13', 'Deluxe'),
(3335, 300, 1, '14', 'Deluxe'),
(3336, 300, 1, '15', 'Deluxe'),
(3337, 300, 1, '16', 'Deluxe'),
(3338, 301, 1, '1', 'Deluxe'),
(3339, 301, 1, '2', 'Deluxe'),
(3340, 301, 1, '3', 'Deluxe'),
(3341, 301, 1, '4', 'Deluxe'),
(3342, 301, 1, '5', 'Deluxe'),
(3343, 301, 1, '6', 'Deluxe'),
(3344, 301, 1, '7', 'Deluxe'),
(3345, 301, 1, '8', 'Deluxe'),
(3346, 301, 1, '9', 'Deluxe'),
(3347, 301, 1, '10', 'Deluxe'),
(3348, 301, 1, '11', 'Deluxe'),
(3349, 301, 1, '12', 'Deluxe'),
(3350, 301, 1, '13', 'Deluxe'),
(3351, 301, 1, '14', 'Deluxe'),
(3352, 301, 1, '15', 'Deluxe'),
(3353, 301, 1, '16', 'Deluxe'),
(3354, 302, 1, '1', 'Deluxe'),
(3355, 302, 1, '2', 'Deluxe'),
(3356, 302, 1, '3', 'Deluxe'),
(3357, 302, 1, '4', 'Deluxe'),
(3358, 302, 1, '5', 'Deluxe'),
(3359, 302, 1, '6', 'Deluxe'),
(3360, 302, 1, '7', 'Deluxe'),
(3361, 302, 1, '8', 'Deluxe'),
(3362, 302, 1, '9', 'Deluxe'),
(3363, 302, 1, '10', 'Deluxe'),
(3364, 302, 1, '11', 'Deluxe'),
(3365, 302, 1, '12', 'Deluxe'),
(3366, 302, 1, '13', 'Deluxe'),
(3367, 302, 1, '14', 'Deluxe'),
(3368, 302, 1, '15', 'Deluxe'),
(3369, 302, 1, '16', 'Deluxe'),
(3370, 302, 1, '17', 'Deluxe'),
(3371, 302, 1, '18', 'Deluxe'),
(3372, 303, 1, '1', 'Standard'),
(3373, 303, 1, '2', 'Standard'),
(3374, 303, 1, '3', 'Standard'),
(3375, 303, 1, '4', 'Standard'),
(3376, 303, 1, '5', 'Standard'),
(3377, 303, 1, '6', 'Standard'),
(3378, 304, 1, '1', 'Standard'),
(3379, 304, 1, '2', 'Standard'),
(3380, 304, 1, '3', 'Standard'),
(3381, 304, 1, '4', 'Standard'),
(3382, 304, 1, '5', 'Standard'),
(3383, 304, 1, '6', 'Standard'),
(3384, 304, 1, '7', 'Standard'),
(3385, 304, 1, '8', 'Standard'),
(3386, 304, 1, '9', 'Standard'),
(3387, 304, 1, '10', 'Standard'),
(3388, 304, 1, '11', 'Standard'),
(3389, 304, 1, '12', 'Standard'),
(3390, 304, 1, '13', 'Standard'),
(3391, 304, 1, '14', 'Standard'),
(3392, 304, 1, '15', 'Standard'),
(3393, 304, 1, '16', 'Standard'),
(3394, 304, 1, '17', 'Standard'),
(3395, 304, 1, '18', 'Standard'),
(3396, 304, 1, '19', 'Standard'),
(3397, 305, 1, '1', 'Standard'),
(3398, 305, 1, '2', 'Standard'),
(3399, 305, 1, '3', 'Standard'),
(3400, 305, 1, '4', 'Standard'),
(3401, 305, 1, '5', 'Standard');
INSERT INTO `tbl_lots` (`lot_id`, `block_id`, `site_id`, `lot_name`, `lawn_type`) VALUES
(3402, 305, 1, '6', 'Standard'),
(3403, 305, 1, '7', 'Standard'),
(3404, 305, 1, '8', 'Standard'),
(3405, 305, 1, '9', 'Standard'),
(3406, 305, 1, '10', 'Standard'),
(3407, 305, 1, '11', 'Standard'),
(3408, 305, 1, '12', 'Standard'),
(3409, 305, 1, '13', 'Standard'),
(3410, 305, 1, '14', 'Standard'),
(3411, 305, 1, '15', 'Standard'),
(3412, 305, 1, '16', 'Standard'),
(3413, 306, 1, '1', 'Standard'),
(3414, 306, 1, '2', 'Standard'),
(3415, 306, 1, '3', 'Standard'),
(3416, 306, 1, '4', 'Standard'),
(3417, 306, 1, '5', 'Standard'),
(3418, 306, 1, '6', 'Standard'),
(3419, 306, 1, '7', 'Standard'),
(3420, 306, 1, '8', 'Standard'),
(3421, 306, 1, '9', 'Standard'),
(3422, 306, 1, '10', 'Standard'),
(3423, 306, 1, '11', 'Standard'),
(3424, 306, 1, '12', 'Standard'),
(3425, 306, 1, '13', 'Standard'),
(3426, 306, 1, '14', 'Standard'),
(3427, 306, 1, '15', 'Standard'),
(3428, 306, 1, '16', 'Standard'),
(3429, 307, 1, '1', 'Standard'),
(3430, 307, 1, '2', 'Standard'),
(3431, 307, 1, '3', 'Standard'),
(3432, 307, 1, '4', 'Standard'),
(3433, 307, 1, '5', 'Standard'),
(3434, 307, 1, '6', 'Standard'),
(3435, 307, 1, '7', 'Standard'),
(3436, 307, 1, '8', 'Standard'),
(3437, 307, 1, '9', 'Standard'),
(3438, 307, 1, '10', 'Standard'),
(3439, 307, 1, '11', 'Standard'),
(3440, 307, 1, '12', 'Standard'),
(3441, 307, 1, '13', 'Standard'),
(3442, 307, 1, '14', 'Standard'),
(3443, 307, 1, '15', 'Standard'),
(3444, 307, 1, '16', 'Standard'),
(3445, 308, 1, '1', 'Standard'),
(3446, 308, 1, '2', 'Standard'),
(3447, 308, 1, '3', 'Standard'),
(3448, 308, 1, '4', 'Standard'),
(3449, 308, 1, '5', 'Standard'),
(3450, 308, 1, '6', 'Standard'),
(3451, 308, 1, '7', 'Standard'),
(3452, 308, 1, '8', 'Standard'),
(3453, 308, 1, '9', 'Standard'),
(3454, 308, 1, '10', 'Standard'),
(3455, 308, 1, '11', 'Standard'),
(3456, 308, 1, '12', 'Standard'),
(3457, 308, 1, '13', 'Standard'),
(3458, 308, 1, '14', 'Standard'),
(3459, 309, 1, '1', 'Standard'),
(3460, 309, 1, '2', 'Standard'),
(3461, 309, 1, '3', 'Standard'),
(3462, 309, 1, '4', 'Standard'),
(3463, 309, 1, '5', 'Standard'),
(3464, 309, 1, '6', 'Standard'),
(3465, 309, 1, '7', 'Standard'),
(3466, 309, 1, '8', 'Standard');

-- --------------------------------------------------------

--
-- Table structure for table `tbl_sites`
--

CREATE TABLE `tbl_sites` (
  `site_id` int(11) NOT NULL,
  `site_name` varchar(255) NOT NULL,
  `site_sqm2` varchar(255) NOT NULL,
  `total_blocks` varchar(255) NOT NULL,
  `total_lots` varchar(255) NOT NULL
) ENGINE=InnoDB DEFAULT CHARSET=utf8mb4;

--
-- Dumping data for table `tbl_sites`
--

INSERT INTO `tbl_sites` (`site_id`, `site_name`, `site_sqm2`, `total_blocks`, `total_lots`) VALUES
(1, 'Joy Garden', '50sqm', '308', '3440');

--
-- Indexes for dumped tables
--

--
-- Indexes for table `admin_acc`
--
ALTER TABLE `admin_acc`
  ADD PRIMARY KEY (`id`);

--
-- Indexes for table `customers`
--
ALTER TABLE `customers`
  ADD PRIMARY KEY (`customer_id`);

--
-- Indexes for table `deceased_persons`
--
ALTER TABLE `deceased_persons`
  ADD PRIMARY KEY (`deceased_id`);

--
-- Indexes for table `lot_owners`
--
ALTER TABLE `lot_owners`
  ADD PRIMARY KEY (`lot_owner_id`);

--
-- Indexes for table `news_events`
--
ALTER TABLE `news_events`
  ADD PRIMARY KEY (`news_id`);

--
-- Indexes for table `slideshow`
--
ALTER TABLE `slideshow`
  ADD PRIMARY KEY (`slideshow_id`);

--
-- Indexes for table `tbl_blocks`
--
ALTER TABLE `tbl_blocks`
  ADD PRIMARY KEY (`block_id`);

--
-- Indexes for table `tbl_lots`
--
ALTER TABLE `tbl_lots`
  ADD PRIMARY KEY (`lot_id`);

--
-- Indexes for table `tbl_sites`
--
ALTER TABLE `tbl_sites`
  ADD PRIMARY KEY (`site_id`);

--
-- AUTO_INCREMENT for dumped tables
--

--
-- AUTO_INCREMENT for table `admin_acc`
--
ALTER TABLE `admin_acc`
  MODIFY `id` int(11) NOT NULL AUTO_INCREMENT, AUTO_INCREMENT=2;

--
-- AUTO_INCREMENT for table `customers`
--
ALTER TABLE `customers`
  MODIFY `customer_id` int(11) NOT NULL AUTO_INCREMENT, AUTO_INCREMENT=6;

--
-- AUTO_INCREMENT for table `deceased_persons`
--
ALTER TABLE `deceased_persons`
  MODIFY `deceased_id` int(11) NOT NULL AUTO_INCREMENT, AUTO_INCREMENT=5;

--
-- AUTO_INCREMENT for table `lot_owners`
--
ALTER TABLE `lot_owners`
  MODIFY `lot_owner_id` int(11) NOT NULL AUTO_INCREMENT, AUTO_INCREMENT=7;

--
-- AUTO_INCREMENT for table `news_events`
--
ALTER TABLE `news_events`
  MODIFY `news_id` int(11) NOT NULL AUTO_INCREMENT, AUTO_INCREMENT=32;

--
-- AUTO_INCREMENT for table `slideshow`
--
ALTER TABLE `slideshow`
  MODIFY `slideshow_id` int(11) NOT NULL AUTO_INCREMENT, AUTO_INCREMENT=2;

--
-- AUTO_INCREMENT for table `tbl_blocks`
--
ALTER TABLE `tbl_blocks`
  MODIFY `block_id` int(11) NOT NULL AUTO_INCREMENT, AUTO_INCREMENT=310;

--
-- AUTO_INCREMENT for table `tbl_lots`
--
ALTER TABLE `tbl_lots`
  MODIFY `lot_id` int(11) NOT NULL AUTO_INCREMENT, AUTO_INCREMENT=3467;

--
-- AUTO_INCREMENT for table `tbl_sites`
--
ALTER TABLE `tbl_sites`
  MODIFY `site_id` int(11) NOT NULL AUTO_INCREMENT, AUTO_INCREMENT=2;
COMMIT;

/*!40101 SET CHARACTER_SET_CLIENT=@OLD_CHARACTER_SET_CLIENT */;
/*!40101 SET CHARACTER_SET_RESULTS=@OLD_CHARACTER_SET_RESULTS */;
/*!40101 SET COLLATION_CONNECTION=@OLD_COLLATION_CONNECTION */;
